event_id,source_id,source_uid,sport,competition,title,start_time_utc,end_time_utc,location,description,official_url,status,source_url,last_checked_utc
bcbb971f08be621e056ffcbd,NWSL,696912be54aa8849325af032,Soccer,National Women’s Soccer League,⚽️ Washington Spirit vs Houston Dash,2026-07-04T00:00:00+00:00,2026-07-04T02:00:00+00:00,"Audi Field, Washington, District of Columbia","NWSL | Matchday 11

Buy Tickets
https://ecal.ai/f/2b6qfk/3GxNW

US Fans stream live on Victory+
https://ecal.ai/f/2b79c1/3GxNW

Int'l Fans stream live on NWSL+
https://ecal.ai/f/2b79c2/3GxNW

Match Center
https://ecal.ai/f/2b6qfl/3GxNW

Standings
https://ecal.ai/f/2b6qfn/3GxNW

News
https://ecal.ai/f/2b6qfq/3GxNW

Instagram
https://ecal.ai/f/2b6qfs/3GxNW

Manage my ECAL
https://ecal.ai/f/2b6qfw/3GxNW",,CONFIRMED,webcal://ics.ecal.com/ecal-sub/6a5a6a0a512bae000263f0a7/NWSL.ics,2026-07-17T18:47:06.516724+00:00
f0bd503d6b91dd14908dfab3,NWSL,696912be54aa8849325af033,Soccer,National Women’s Soccer League,⚽️ Denver Summit FC vs Kansas City Current,2026-07-04T01:30:00+00:00,2026-07-04T03:30:00+00:00,"Dick's Sporting Goods Park, Commerce City, Colorado","NWSL | Matchday 11

Buy Tickets
https://ecal.ai/f/2b6qfy/3GxNW

Stream live on NWSL+
https://ecal.ai/f/2b79c3/3GxNW

Match Center
https://ecal.ai/f/2b6qfB/3GxNW

Standings
https://ecal.ai/f/2b6qfD/3GxNW

Stats
https://ecal.ai/f/2b6qfF/3GxNW

Instagram
https://ecal.ai/f/2b6qfG/3GxNW

Manage my ECAL
https://ecal.ai/f/2b6qfM/3GxNW",,CONFIRMED,webcal://ics.ecal.com/ecal-sub/6a5a6a0a512bae000263f0a7/NWSL.ics,2026-07-17T18:47:06.516724+00:00
9c9416cd2534e301da3283f4,NWSL,696912be54aa8849325af034,Soccer,National Women’s Soccer League,⚽️ Angel City FC vs Orlando Pride,2026-07-04T02:00:00+00:00,2026-07-04T04:00:00+00:00,"BMO Stadium, Los Angeles, California","NWSL | Matchday 11

Buy Tickets
https://ecal.ai/f/2b6qfP/3GxNW

US Fans stream live on Prime Video
https://ecal.ai/f/2b79c4/3GxNW

Int'l Fans stream live on NWSL+
https://ecal.ai/f/2b79c5/3GxNW

Match Center
https://ecal.ai/f/2b6qfR/3GxNW

Standings
https://ecal.ai/f/2b6qfS/3GxNW

Shop
https://ecal.ai/f/2b6qfV/3GxNW

Instagram
https://ecal.ai/f/2b6qfY/3GxNW

Manage my ECAL
https://ecal.ai/f/2b6qg6/3GxNW",,CONFIRMED,webcal://ics.ecal.com/ecal-sub/6a5a6a0a512bae000263f0a7/NWSL.ics,2026-07-17T18:47:06.516724+00:00
239cd1625293c4f12a9d5dc1,nsl,69a07669df1221000238014c,Soccer,Northern Super League,Montreal Roses FC vs. Vancouver Rise FC,2026-07-04T19:30:00+00:00,2026-07-04T21:30:00+00:00,Stade Boréale,"Tickets
https://ecal.ai/f/2ct7KK/3G6TR

Watch Live on TSN
https://ecal.ai/f/2dc8T5/3G6TR

Check out our YouTube channel
https://ecal.ai/f/2ct7KM/3G6TR

Shop
https://ecal.ai/f/2ct7KL/3G6TR

YouTube
https://ecal.ai/f/2ct7KM/3G6TR

Instagram
https://ecal.ai/f/2ct7KN/3G6TR

Linktree
https://ecal.ai/f/2ct7KP/3G6TR

Manage my ECAL
https://ecal.ai/f/2ct7KS/3G6TR",,CONFIRMED,https://ics.ecal.com/ecal-sub/6a57ce26dd9a8c00026e1b13/Northern%20Super%20League.ics,2026-07-17T18:47:06.277325+00:00
e4e3594a80c4f26a8a22c427,NWSL,696912be54aa8849325af035,Soccer,National Women’s Soccer League,⚽️ North Carolina Courage vs Seattle Reign FC,2026-07-04T23:30:00+00:00,2026-07-05T01:30:00+00:00,"First Horizon Stadium at WakeMed Soccer Park, Cary, North Carolina","NWSL | Matchday 11

Buy Tickets
https://ecal.ai/f/2b6qg8/3GxNW

Stream live on NWSL+
https://ecal.ai/f/2b79c7/3GxNW

Match Center
https://ecal.ai/f/2b6qgb/3GxNW

Standings
https://ecal.ai/f/2b6qgd/3GxNW

News
https://ecal.ai/f/2b6qgg/3GxNW

Instagram
https://ecal.ai/f/2b6qgk/3GxNW

Manage my ECAL
https://ecal.ai/f/2b6qgr/3GxNW",,CONFIRMED,webcal://ics.ecal.com/ecal-sub/6a5a6a0a512bae000263f0a7/NWSL.ics,2026-07-17T18:47:06.516724+00:00
b28861efeebe4af05232fa2e,NWSL,696912be54aa8849325af036,Soccer,National Women’s Soccer League,⚽️ San Diego Wave FC vs Gotham FC,2026-07-05T00:45:00+00:00,2026-07-05T02:45:00+00:00,"Snapdragon Stadium, San Diego, California","NWSL | Matchday 11

Buy Tickets
https://ecal.ai/f/2b6qgw/3GxNW

US Fans stream live on ION
https://ecal.ai/f/2b79c8/3GxNW

Int'l Fans stream live on NWSL+
https://ecal.ai/f/2b79c9/3GxNW

Match Center
https://ecal.ai/f/2b6qgz/3GxNW

Standings
https://ecal.ai/f/2b6qgB/3GxNW

Stats
https://ecal.ai/f/2b6qgD/3GxNW

Instagram
https://ecal.ai/f/2b6qgH/3GxNW

Manage my ECAL
https://ecal.ai/f/2b6qgP/3GxNW",,CONFIRMED,webcal://ics.ecal.com/ecal-sub/6a5a6a0a512bae000263f0a7/NWSL.ics,2026-07-17T18:47:06.516724+00:00
4d82da6508bc353c7f1ec0e7,NWSL,696912be54aa8849325af037,Soccer,National Women’s Soccer League,⚽️ Boston Legacy FC vs Bay FC,2026-07-05T16:00:00+00:00,2026-07-05T18:00:00+00:00,"Centreville Bank Stadium, Pawtucket, Rhode Island","NWSL | Matchday 11

Buy Tickets
https://ecal.ai/f/2b6qgR/3GxNW

US Fans stream live on ESPN
https://ecal.ai/f/2b79cb/3GxNW

US Fans stream live on ESPN App
https://ecal.ai/f/2b79cb/3GxNW

Int'l Fans stream live on NWSL+
https://ecal.ai/f/2b79cc/3GxNW

Match Center
https://ecal.ai/f/2b6qgT/3GxNW

Standings
https://ecal.ai/f/2b6qgX/3GxNW

Shop
https://ecal.ai/f/2b6qh2/3GxNW

Instagram
https://ecal.ai/f/2b6qh5/3GxNW

Manage my ECAL
https://ecal.ai/f/2b6qhc/3GxNW",,CONFIRMED,webcal://ics.ecal.com/ecal-sub/6a5a6a0a512bae000263f0a7/NWSL.ics,2026-07-17T18:47:06.516724+00:00
3fe8aa83cc0b8ae2e6792700,nsl,69a07669df1221000238014d,Soccer,Northern Super League,Ottawa Rapid FC vs. Calgary Wild FC,2026-07-05T18:00:00+00:00,2026-07-05T20:00:00+00:00,TD Place,"Tickets
https://ecal.ai/f/2ct7Pq/3G6TR

Watch Live on TSN
https://ecal.ai/f/2dc8T1/3G6TR

Check out our YouTube channel
https://ecal.ai/f/2ct7Ps/3G6TR

Shop
https://ecal.ai/f/2ct7Pr/3G6TR

YouTube
https://ecal.ai/f/2ct7Ps/3G6TR

Instagram
https://ecal.ai/f/2ct7Pt/3G6TR

Linktree
https://ecal.ai/f/2ct7Pv/3G6TR

Manage my ECAL
https://ecal.ai/f/2ct7Py/3G6TR",,CONFIRMED,https://ics.ecal.com/ecal-sub/6a57ce26dd9a8c00026e1b13/Northern%20Super%20League.ics,2026-07-17T18:47:06.277325+00:00
83a9dd89e3a827e2027c80da,nsl,69a07669df1221000238014e,Soccer,Northern Super League,Halifax Tides FC vs. AFC Toronto,2026-07-05T19:00:00+00:00,2026-07-05T21:00:00+00:00,Wanderers Grounds,"Tickets
https://ecal.ai/f/2ct7Pz/3G6TR

Watch Live on CBC Sports
https://ecal.ai/f/2dc8T9/3G6TR

Check out our YouTube channel
https://ecal.ai/f/2ct7PC/3G6TR

Shop
https://ecal.ai/f/2ct7PB/3G6TR

YouTube
https://ecal.ai/f/2ct7PC/3G6TR

Instagram
https://ecal.ai/f/2ct7PD/3G6TR

Linktree
https://ecal.ai/f/2ct7PF/3G6TR

Manage my ECAL
https://ecal.ai/f/2ct7PJ/3G6TR",,CONFIRMED,https://ics.ecal.com/ecal-sub/6a57ce26dd9a8c00026e1b13/Northern%20Super%20League.ics,2026-07-17T18:47:06.277325+00:00
0c3798074a8b28e465fa6879,NWSL,696912be54aa8849325af038,Soccer,National Women’s Soccer League,⚽️ Chicago Stars FC vs Utah Royals FC,2026-07-05T21:00:00+00:00,2026-07-05T23:00:00+00:00,"Northwestern Medicine Field at Martin Stadium, Evanston, Illinois","NWSL | Matchday 11

Buy Tickets
https://ecal.ai/f/2b6qhf/3GxNW

US Fans stream live on CBS Sports
https://ecal.ai/f/2b79cd/3GxNW

Int'l Fans stream live on NWSL+
https://ecal.ai/f/2b79cf/3GxNW

Match Center
https://ecal.ai/f/2b6qhj/3GxNW

Standings
https://ecal.ai/f/2b6qhm/3GxNW

News
https://ecal.ai/f/2b6qhq/3GxNW

Instagram
https://ecal.ai/f/2b6qhw/3GxNW

Manage my ECAL
https://ecal.ai/f/2b6qhC/3GxNW",,CONFIRMED,webcal://ics.ecal.com/ecal-sub/6a5a6a0a512bae000263f0a7/NWSL.ics,2026-07-17T18:47:06.516724+00:00
5ce2599b1c62b88ea1a275f5,NWSL,696912be54aa8849325af039,Soccer,National Women’s Soccer League,⚽️ Portland Thorns FC vs Racing Louisville FC,2026-07-05T23:00:00+00:00,2026-07-06T01:00:00+00:00,"Providence Park, Portland, Oregon","NWSL | Matchday 11

Buy Tickets
https://ecal.ai/f/2b6qhD/3GxNW

US Fans stream live on Victory+
https://ecal.ai/f/2b79cg/3GxNW

Int'l Fans stream live on NWSL+
https://ecal.ai/f/2b79ch/3GxNW

Match Center
https://ecal.ai/f/2b6qhG/3GxNW

Standings
https://ecal.ai/f/2b6qhJ/3GxNW

Stats
https://ecal.ai/f/2b6qhL/3GxNW

Instagram
https://ecal.ai/f/2b6qhM/3GxNW

Manage my ECAL
https://ecal.ai/f/2b6qhR/3GxNW",,CONFIRMED,webcal://ics.ecal.com/ecal-sub/6a5a6a0a512bae000263f0a7/NWSL.ics,2026-07-17T18:47:06.516724+00:00
ab1f04f99d6d562cf10bd575,NWSL,696912be54aa8849325af03c,Soccer,National Women’s Soccer League,⚽️ Boston Legacy FC vs Chicago Stars FC,2026-07-11T00:00:00+00:00,2026-07-11T02:00:00+00:00,"Centreville Bank Stadium, Pawtucket, Rhode Island","NWSL | Matchday 12

Buy Tickets
https://ecal.ai/f/2b6qjm/3GxNW

Stream live on NWSL+
https://ecal.ai/f/2b79cm/3GxNW

Match Center
https://ecal.ai/f/2b6qjp/3GxNW

Standings
https://ecal.ai/f/2b6qjq/3GxNW

News
https://ecal.ai/f/2jcHgw/3GxNW

Instagram
https://ecal.ai/f/2b6qjs/3GxNW

Manage my ECAL
https://ecal.ai/f/2b6qjx/3GxNW",,CONFIRMED,webcal://ics.ecal.com/ecal-sub/6a5a6a0a512bae000263f0a7/NWSL.ics,2026-07-17T18:47:06.516724+00:00
ed5f3c3fd1149f232fbda9af,NWSL,696912be54aa8849325af03b,Soccer,National Women’s Soccer League,⚽️ Racing Louisville FC vs Bay FC,2026-07-11T00:00:00+00:00,2026-07-11T02:00:00+00:00,"Lynn Family Stadium, Louisville, Kentucky","NWSL | Matchday 12

Buy Tickets
https://ecal.ai/f/2b6qj7/3GxNW

Stream live on NWSL+
https://ecal.ai/f/2b79cl/3GxNW

Match Center
https://ecal.ai/f/2b6qj8/3GxNW

Standings
https://ecal.ai/f/2b6qj9/3GxNW

Shop
https://ecal.ai/f/2jcHgF/3GxNW

Instagram
https://ecal.ai/f/2b6qjf/3GxNW

Manage my ECAL
https://ecal.ai/f/2b6qjl/3GxNW",,CONFIRMED,webcal://ics.ecal.com/ecal-sub/6a5a6a0a512bae000263f0a7/NWSL.ics,2026-07-17T18:47:06.516724+00:00
17feb834c8002ef29021f6b4,NWSL,696912be54aa8849325af03a,Soccer,National Women’s Soccer League,⚽️ Orlando Pride vs Kansas City Current,2026-07-11T01:03:00+00:00,2026-07-11T03:03:00+00:00,"Inter&Co Stadium, Orlando, Florida","NWSL | Matchday 12

Buy Tickets
https://ecal.ai/f/2b6qhS/3GxNW

US Fans stream live on Prime Video
https://ecal.ai/f/2b79cj/3GxNW

Int'l Fans stream live on NWSL+
https://ecal.ai/f/2b79ck/3GxNW

Match Center
https://ecal.ai/f/2b6qhT/3GxNW

Standings
https://ecal.ai/f/2b6qhV/3GxNW

Stats
https://ecal.ai/f/2b7Hyt/3GxNW

Instagram
https://ecal.ai/f/2b6qhX/3GxNW

Manage my ECAL
https://ecal.ai/f/2b6qj5/3GxNW",,CONFIRMED,webcal://ics.ecal.com/ecal-sub/6a5a6a0a512bae000263f0a7/NWSL.ics,2026-07-17T18:47:06.516724+00:00
69628079769828ec9b20e298,NWSL,696912be54aa8849325af03d,Soccer,National Women’s Soccer League,⚽️ Utah Royals FC vs Gotham FC,2026-07-11T02:00:00+00:00,2026-07-11T04:00:00+00:00,"America First Field, Sandy, Utah","NWSL | Matchday 12

Buy Tickets
https://ecal.ai/f/2b6qjz/3GxNW

US Fans stream live on Victory+
https://ecal.ai/f/2b79cn/3GxNW

Int'l Fans stream live on NWSL+
https://ecal.ai/f/2b79cp/3GxNW

Match Center
https://ecal.ai/f/2b6qjC/3GxNW

Standings
https://ecal.ai/f/2b6qjF/3GxNW

Shop
https://ecal.ai/f/2b6qjJ/3GxNW

Instagram
https://ecal.ai/f/2b6qjQ/3GxNW

Manage my ECAL
https://ecal.ai/f/2b6qjX/3GxNW",,CONFIRMED,webcal://ics.ecal.com/ecal-sub/6a5a6a0a512bae000263f0a7/NWSL.ics,2026-07-17T18:47:06.516724+00:00
7b785dc47c27fbc49f2c45a7,nsl,69a07669df1221000238014f,Soccer,Northern Super League,AFC Toronto vs. Ottawa Rapid FC,2026-07-11T20:00:00+00:00,2026-07-11T22:00:00+00:00,York Lions Stadium,"Tickets
https://ecal.ai/f/2ct7P6/3G6TR

Watch Live on TSN
https://ecal.ai/f/2dc8T2/3G6TR

Check out our YouTube channel
https://ecal.ai/f/2ct7P8/3G6TR

Shop
https://ecal.ai/f/2ct7P7/3G6TR

YouTube
https://ecal.ai/f/2ct7P8/3G6TR

Instagram
https://ecal.ai/f/2ct7P9/3G6TR

Linktree
https://ecal.ai/f/2ct7Pb/3G6TR

Manage my ECAL
https://ecal.ai/f/2ct7Pf/3G6TR",,CONFIRMED,https://ics.ecal.com/ecal-sub/6a57ce26dd9a8c00026e1b13/Northern%20Super%20League.ics,2026-07-17T18:47:06.277325+00:00
7631573e30598a7c05ff75dd,NWSL,696912be54aa8849325af03e,Soccer,National Women’s Soccer League,⚽️ North Carolina Courage vs Washington Spirit,2026-07-11T22:30:00+00:00,2026-07-12T00:30:00+00:00,"First Horizon Stadium at WakeMed Soccer Park, Cary, North Carolina","NWSL | Matchday 12

Buy Tickets
https://ecal.ai/f/2b6qjZ/3GxNW

US Fans stream live on ION
https://ecal.ai/f/2b79cq/3GxNW

Int'l Fans stream live on NWSL+
https://ecal.ai/f/2b79cr/3GxNW

Match Center
https://ecal.ai/f/2b6qk3/3GxNW

Standings
https://ecal.ai/f/2b6qk8/3GxNW

News
https://ecal.ai/f/2b6qk9/3GxNW

Instagram
https://ecal.ai/f/2b6qkc/3GxNW

Manage my ECAL
https://ecal.ai/f/2b6qkk/3GxNW",,CONFIRMED,webcal://ics.ecal.com/ecal-sub/6a5a6a0a512bae000263f0a7/NWSL.ics,2026-07-17T18:47:06.516724+00:00
9afc47d3e0cf92a05f6bd8da,nsl,69a07669df12210002380150,Soccer,Northern Super League,Calgary Wild FC vs. Vancouver Rise FC,2026-07-11T23:00:00+00:00,2026-07-12T01:00:00+00:00,McMahon Stadium,"Tickets
https://ecal.ai/f/2ct7Pg/3G6TR

Watch Live on TSN
https://ecal.ai/f/2dc8K7/3G6TR

Check out our YouTube channel
https://ecal.ai/f/2ct7Pj/3G6TR

Shop
https://ecal.ai/f/2ct7Ph/3G6TR

YouTube
https://ecal.ai/f/2ct7Pj/3G6TR

Instagram
https://ecal.ai/f/2ct7Pk/3G6TR

Linktree
https://ecal.ai/f/2ct7Pl/3G6TR

Manage my ECAL
https://ecal.ai/f/2ct7Pp/3G6TR",,CONFIRMED,https://ics.ecal.com/ecal-sub/6a57ce26dd9a8c00026e1b13/Northern%20Super%20League.ics,2026-07-17T18:47:06.277325+00:00
20e78adb0d649e0b4d072a06,NWSL,696912be54aa8849325af03f,Soccer,National Women’s Soccer League,⚽️ San Diego Wave FC vs Angel City FC,2026-07-12T00:45:00+00:00,2026-07-12T02:45:00+00:00,"Snapdragon Stadium, San Diego, California","NWSL | Matchday 12

Buy Tickets
https://ecal.ai/f/2b6qkn/3GxNW

US Fans stream live on ION
https://ecal.ai/f/2b79cs/3GxNW

Int'l Fans stream live on NWSL+
https://ecal.ai/f/2b79ct/3GxNW

Match Center
https://ecal.ai/f/2b6qkp/3GxNW

Standings
https://ecal.ai/f/2b6qkq/3GxNW

Stats
https://ecal.ai/f/2b6qkr/3GxNW

Instagram
https://ecal.ai/f/2b6qks/3GxNW

Manage my ECAL
https://ecal.ai/f/2b6qkC/3GxNW",,CONFIRMED,webcal://ics.ecal.com/ecal-sub/6a5a6a0a512bae000263f0a7/NWSL.ics,2026-07-17T18:47:06.516724+00:00
d394491d10373f37ccb88d9e,NWSL,696912be54aa8849325af040,Soccer,National Women’s Soccer League,⚽️ Seattle Reign FC vs Portland Thorns FC,2026-07-12T20:00:00+00:00,2026-07-12T22:00:00+00:00,"Seattle Stadium, Seattle, Washington","NWSL | Matchday 12

Buy Tickets
https://ecal.ai/f/2b6qkF/3GxNW

US Fans stream live on ESPN
https://ecal.ai/f/2b79cv/3GxNW

US Fans stream live on ESPN Deportes
https://ecal.ai/f/2b79cv/3GxNW

Int'l Fans stream live on NWSL+
https://ecal.ai/f/2b79cw/3GxNW

Match Center
https://ecal.ai/f/2b6qkG/3GxNW

Standings
https://ecal.ai/f/2b6qkH/3GxNW

Shop
https://ecal.ai/f/2b6qkK/3GxNW

Instagram
https://ecal.ai/f/2b6qkM/3GxNW

Manage my ECAL
https://ecal.ai/f/2b6qkT/3GxNW",,CONFIRMED,webcal://ics.ecal.com/ecal-sub/6a5a6a0a512bae000263f0a7/NWSL.ics,2026-07-17T18:47:06.516724+00:00
1c5c92102053d4acc7ba440c,nsl,69a07669df12210002380151,Soccer,Northern Super League,Montreal Roses FC vs. Halifax Tides FC,2026-07-12T20:00:00+00:00,2026-07-12T22:00:00+00:00,Stade Boréale,"Tickets
https://ecal.ai/f/2ct7NX/3G6TR

Watch Live on CBC Sports
https://ecal.ai/f/2dc8T3/3G6TR

Check out our YouTube channel
https://ecal.ai/f/2ct7NZ/3G6TR

Shop
https://ecal.ai/f/2ct7NY/3G6TR

YouTube
https://ecal.ai/f/2ct7NZ/3G6TR

Instagram
https://ecal.ai/f/2ct7P1/3G6TR

Linktree
https://ecal.ai/f/2ct7P2/3G6TR

Manage my ECAL
https://ecal.ai/f/2ct7P5/3G6TR",,CONFIRMED,https://ics.ecal.com/ecal-sub/6a57ce26dd9a8c00026e1b13/Northern%20Super%20League.ics,2026-07-17T18:47:06.277325+00:00
783d6186daf4474ade9de7d3,NWSL,696912be54aa8849325af041,Soccer,National Women’s Soccer League,⚽️ Denver Summit FC vs Houston Dash,2026-07-12T23:00:00+00:00,2026-07-13T01:00:00+00:00,"Dick's Sporting Goods Park, Commerce City, Colorado","NWSL | Matchday 12

Buy Tickets
https://ecal.ai/f/2b6qkX/3GxNW

US Fans stream live on Victory+
https://ecal.ai/f/2b79cx/3GxNW

Int'l Fans stream live on NWSL+
https://ecal.ai/f/2b79cy/3GxNW

Match Center
https://ecal.ai/f/2b6qkZ/3GxNW

Standings
https://ecal.ai/f/2b6ql1/3GxNW

News
https://ecal.ai/f/2b6ql5/3GxNW

Instagram
https://ecal.ai/f/2b6qlb/3GxNW

Manage my ECAL
https://ecal.ai/f/2b6qlk/3GxNW",,CONFIRMED,webcal://ics.ecal.com/ecal-sub/6a5a6a0a512bae000263f0a7/NWSL.ics,2026-07-17T18:47:06.516724+00:00
3b7c59d9f388002575dd5e2f,nsl,6a57ce2788c740000294bacc,Soccer,Northern Super League,Welcome to the Northern Super League!,2026-07-15T18:30:00+00:00,2026-07-15T18:45:00+00:00,Proudly powered by ECAL,"You'll now have the most up-to-date info about match information from the Northern Super League.

If dates, times or details change, these will automatically update in your calendar. 

We hope you enjoy this service and welcome any feedback via our Support Centre https://support.ecal.com 

Manage my ECAL
https://ecal.ai/f/2jgN7Y/3G6TR",,CONFIRMED,https://ics.ecal.com/ecal-sub/6a57ce26dd9a8c00026e1b13/Northern%20Super%20League.ics,2026-07-17T18:47:06.277325+00:00
f77eb31f9c7dce78837bd742,NWSL,696912be54aa8849325af042,Soccer,National Women’s Soccer League,⚽️ Orlando Pride vs Boston Legacy FC,2026-07-15T23:00:00+00:00,2026-07-16T01:00:00+00:00,"Inter&Co Stadium, Orlando, Florida","NWSL | Matchday 13

Buy Tickets
https://ecal.ai/f/2b6qlm/3GxNW

Stream live on NWSL+
https://ecal.ai/f/2b79cz/3GxNW

Match Center
https://ecal.ai/f/2b6qlp/3GxNW

Standings
https://ecal.ai/f/2b6qlr/3GxNW

Stats
https://ecal.ai/f/2b6qlt/3GxNW

Instagram
https://ecal.ai/f/2b6qlx/3GxNW

Manage my ECAL
https://ecal.ai/f/2b6qlG/3GxNW",,CONFIRMED,webcal://ics.ecal.com/ecal-sub/6a5a6a0a512bae000263f0a7/NWSL.ics,2026-07-17T18:47:06.516724+00:00
a2f0d0ed324f499042c82937,NWSL,696912be54aa8849325af043,Soccer,National Women’s Soccer League,⚽️ Gotham FC vs Washington Spirit,2026-07-16T00:00:00+00:00,2026-07-16T02:00:00+00:00,"Citi Field, New York, New York","NWSL | Matchday 13

Buy Tickets
https://ecal.ai/f/2b6qlK/3GxNW

US Fans stream live on ESPN
https://ecal.ai/f/2d39J4/3GxNW

Int'l Fans stream live on NWSL+
https://ecal.ai/f/2b79cB/3GxNW

Match Center
https://ecal.ai/f/2b6qlL/3GxNW

Standings
https://ecal.ai/f/2b6qlN/3GxNW

Shop
https://ecal.ai/f/2b6qlQ/3GxNW

Instagram
https://ecal.ai/f/2b6qlS/3GxNW

Manage my ECAL
https://ecal.ai/f/2b6qlY/3GxNW",,CONFIRMED,webcal://ics.ecal.com/ecal-sub/6a5a6a0a512bae000263f0a7/NWSL.ics,2026-07-17T18:47:06.516724+00:00
9d5e6825cc938cf0e25d92b2,nsl,69a07669df12210002380152,Soccer,Northern Super League,Ottawa Rapid FC vs. Halifax Tides FC,2026-07-16T23:00:00+00:00,2026-07-17T01:00:00+00:00,TD Place,"Tickets
https://ecal.ai/f/2ct7NN/3G6TR

Watch Live on TSN
https://ecal.ai/f/2dc8T4/3G6TR

Check out our YouTube channel
https://ecal.ai/f/2ct7NQ/3G6TR

Shop
https://ecal.ai/f/2ct7NP/3G6TR

YouTube
https://ecal.ai/f/2ct7NQ/3G6TR

Instagram
https://ecal.ai/f/2ct7NR/3G6TR

Linktree
https://ecal.ai/f/2ct7NS/3G6TR

Manage my ECAL
https://ecal.ai/f/2ct7NW/3G6TR",,CONFIRMED,https://ics.ecal.com/ecal-sub/6a57ce26dd9a8c00026e1b13/Northern%20Super%20League.ics,2026-07-17T18:47:06.277325+00:00
3caac506e7b56783b01cc786,NWSL,6a5a6a0ab5b0ee0002277788,Soccer,National Women’s Soccer League,Welcome to the NWSL!,2026-07-17T17:59:00+00:00,2026-07-17T18:14:00+00:00,Proudly powered by ECAL,"You'll now have the most up-to-date info about events from the NWSL.

If dates, times or details change, these will automatically update in your calendar. How good is that!

We hope you enjoy this service and welcome any feedback via our Support Center https://support.ecal.com 
------ 

This service is powered by ECAL, the world's leading & most trusted calendar communications service.

Manage my ECAL
https://ecal.ai/f/2l6ZLg/3GxNW",,CONFIRMED,webcal://ics.ecal.com/ecal-sub/6a5a6a0a512bae000263f0a7/NWSL.ics,2026-07-17T18:47:06.516724+00:00
60430fa75023b2f822427b0d,NWSL,696912be54aa8849325af044,Soccer,National Women’s Soccer League,⚽️ Kansas City Current vs San Diego Wave FC,2026-07-18T00:00:00+00:00,2026-07-18T02:00:00+00:00,"CPKC Stadium, Kansas City, Missouri","NWSL | Matchday 13

Buy Tickets
https://ecal.ai/f/2b6qm2/3GxNW

US Fans stream live on Prime Video
https://ecal.ai/f/2b79cC/3GxNW

Int'l Fans stream live on NWSL+
https://ecal.ai/f/2b79cD/3GxNW

Match Center
https://ecal.ai/f/2b6qm5/3GxNW

Standings
https://ecal.ai/f/2b6qm7/3GxNW

News
https://ecal.ai/f/2b6qmb/3GxNW

Instagram
https://ecal.ai/f/2b6qmg/3GxNW

Manage my ECAL
https://ecal.ai/f/2b6qmn/3GxNW",,CONFIRMED,webcal://ics.ecal.com/ecal-sub/6a5a6a0a512bae000263f0a7/NWSL.ics,2026-07-17T18:47:06.516724+00:00
c5aef934577e10eb18ad36b1,nsl,69a07669df12210002380153,Soccer,Northern Super League,Calgary Wild FC vs. Montreal Roses FC,2026-07-18T01:00:00+00:00,2026-07-18T03:00:00+00:00,McMahon Stadium,"Tickets
https://ecal.ai/f/2ct7ND/3G6TR

Watch Live on TSN
https://ecal.ai/f/2dc8K8/3G6TR

Check out our YouTube channel
https://ecal.ai/f/2ct7NG/3G6TR

Shop
https://ecal.ai/f/2ct7NF/3G6TR

YouTube
https://ecal.ai/f/2ct7NG/3G6TR

Instagram
https://ecal.ai/f/2ct7NH/3G6TR

Linktree
https://ecal.ai/f/2ct7NJ/3G6TR

Manage my ECAL
https://ecal.ai/f/2ct7NM/3G6TR",,CONFIRMED,https://ics.ecal.com/ecal-sub/6a57ce26dd9a8c00026e1b13/Northern%20Super%20League.ics,2026-07-17T18:47:06.277325+00:00
a5ec14714210da9857ea5c8e,NWSL,696912be54aa8849325af045,Soccer,National Women’s Soccer League,⚽️ Gotham FC vs Seattle Reign FC,2026-07-18T16:00:00+00:00,2026-07-18T18:00:00+00:00,"Icahn Stadium, New York City, New York","NWSL | Matchday 13

Buy Tickets
https://ecal.ai/f/2b6qmr/3GxNW

US Fans stream live on ABC
https://ecal.ai/f/2b79cF/3GxNW

US Fans stream live on ESPN Deportes
https://ecal.ai/f/2b79cF/3GxNW

Int'l Fans stream live on NWSL+
https://ecal.ai/f/2b79cG/3GxNW

Match Center
https://ecal.ai/f/2b6qmv/3GxNW

Standings
https://ecal.ai/f/2b6qmx/3GxNW

Stats
https://ecal.ai/f/2b6qmz/3GxNW

Instagram
https://ecal.ai/f/2b6qmC/3GxNW

Manage my ECAL
https://ecal.ai/f/2b6qmK/3GxNW",,CONFIRMED,webcal://ics.ecal.com/ecal-sub/6a5a6a0a512bae000263f0a7/NWSL.ics,2026-07-17T18:47:06.516724+00:00
e4c354435364f6c1e9ed1ab2,NWSL,696912be54aa8849325af046,Soccer,National Women’s Soccer League,⚽️ Denver Summit FC vs Portland Thorns FC,2026-07-18T18:00:00+00:00,2026-07-18T20:00:00+00:00,"Centennial Stadium, Centennial, Colorado","NWSL | Matchday 13

Buy Tickets
https://ecal.ai/f/2b6qmP/3GxNW

US Fans stream live on CBS
https://ecal.ai/f/2b79cH/3GxNW

US Fans stream live on Paramount+
https://ecal.ai/f/2b79cJ/3GxNW

Int'l Fans stream live on NWSL+
https://ecal.ai/f/2b79cK/3GxNW

Match Center
https://ecal.ai/f/2b6qmR/3GxNW

Standings
https://ecal.ai/f/2b6qmV/3GxNW

Shop
https://ecal.ai/f/2b6qmY/3GxNW

Instagram
https://ecal.ai/f/2b6qn2/3GxNW

Manage my ECAL
https://ecal.ai/f/2b6qn9/3GxNW",,CONFIRMED,webcal://ics.ecal.com/ecal-sub/6a5a6a0a512bae000263f0a7/NWSL.ics,2026-07-17T18:47:06.516724+00:00
2d52f120c6353aca2e6df229,NWSL,696912be54aa88c9f9280b32,Soccer,National Women’s Soccer League,⚽️ Bay FC vs North Carolina Courage,2026-07-18T20:00:00+00:00,2026-07-18T22:00:00+00:00,"PayPal Park, San Jose, California","NWSL | Matchday 13

Buy Tickets
https://ecal.ai/f/2b6qdM/3GxNW

US Fans stream live on CBS
https://ecal.ai/f/2b79cL/3GxNW

US Fans stream live on Paramount+
https://ecal.ai/f/2b79cM/3GxNW

Int'l Fans stream live on NWSL+
https://ecal.ai/f/2b79cN/3GxNW

Match Center
https://ecal.ai/f/2b6qdN/3GxNW

Standings
https://ecal.ai/f/2b6qdP/3GxNW

News
https://ecal.ai/f/2b6qdQ/3GxNW

Instagram
https://ecal.ai/f/2b6qdR/3GxNW

Manage my ECAL
https://ecal.ai/f/2b6qdY/3GxNW",,CONFIRMED,webcal://ics.ecal.com/ecal-sub/6a5a6a0a512bae000263f0a7/NWSL.ics,2026-07-17T18:47:06.516724+00:00
c85d5f1e64df5a377f6b92d5,nsl,69a07669df12210002380154,Soccer,Northern Super League,AFC Toronto vs. Vancouver Rise FC,2026-07-18T20:00:00+00:00,2026-07-18T22:00:00+00:00,York Lions Stadium,"Tickets
https://ecal.ai/f/2ct7Nt/3G6TR

Watch Live on CBC Sports
https://ecal.ai/f/2dc8Td/3G6TR

Check out our YouTube channel
https://ecal.ai/f/2ct7Nw/3G6TR

Shop
https://ecal.ai/f/2ct7Nv/3G6TR

YouTube
https://ecal.ai/f/2ct7Nw/3G6TR

Instagram
https://ecal.ai/f/2ct7Nx/3G6TR

Linktree
https://ecal.ai/f/2ct7Ny/3G6TR

Manage my ECAL
https://ecal.ai/f/2ct7NC/3G6TR",,CONFIRMED,https://ics.ecal.com/ecal-sub/6a57ce26dd9a8c00026e1b13/Northern%20Super%20League.ics,2026-07-17T18:47:06.277325+00:00
8487baab68599439fb299b5c,NWSL,696912be54aa88c9f9280b33,Soccer,National Women’s Soccer League,⚽️ Chicago Stars FC vs Angel City FC,2026-07-18T22:30:00+00:00,2026-07-19T00:30:00+00:00,"Northwestern Medicine Field at Martin Stadium, Evanston, Illinois","NWSL | Matchday 13

Buy Tickets
https://ecal.ai/f/2b6qnc/3GxNW

US Fans stream live on ION
https://ecal.ai/f/2b79cP/3GxNW

Int'l Fans stream live on NWSL+
https://ecal.ai/f/2b79cQ/3GxNW

Match Center
https://ecal.ai/f/2b6qnf/3GxNW

Standings
https://ecal.ai/f/2b6qnh/3GxNW

Stats
https://ecal.ai/f/2b6qnk/3GxNW

Instagram
https://ecal.ai/f/2b6qnm/3GxNW

Manage my ECAL
https://ecal.ai/f/2b6qnq/3GxNW",,CONFIRMED,webcal://ics.ecal.com/ecal-sub/6a5a6a0a512bae000263f0a7/NWSL.ics,2026-07-17T18:47:06.516724+00:00
83f01170cfb67f28f1d5ba54,NWSL,696912be54aa88c9f9280b34,Soccer,National Women’s Soccer League,⚽️ Racing Louisville FC vs Houston Dash,2026-07-19T00:00:00+00:00,2026-07-19T02:00:00+00:00,"Lynn Family Stadium, Louisville, Kentucky","NWSL | Matchday 13

Buy Tickets
https://ecal.ai/f/2b6qnt/3GxNW

Stream live on NWSL+
https://ecal.ai/f/2b79cR/3GxNW

Match Center
https://ecal.ai/f/2b6qnx/3GxNW

Standings
https://ecal.ai/f/2b6qny/3GxNW

Shop
https://ecal.ai/f/2b6qnz/3GxNW

Instagram
https://ecal.ai/f/2b6qnD/3GxNW

Manage my ECAL
https://ecal.ai/f/2b6qnN/3GxNW",,CONFIRMED,webcal://ics.ecal.com/ecal-sub/6a5a6a0a512bae000263f0a7/NWSL.ics,2026-07-17T18:47:06.516724+00:00
d9c68a6152c6e139db3f8dc7,NWSL,696912be54aa88c9f9280b35,Soccer,National Women’s Soccer League,⚽️ Utah Royals FC vs Orlando Pride,2026-07-19T00:45:00+00:00,2026-07-19T02:45:00+00:00,"America First Field, Sandy, Utah","NWSL | Matchday 13

Buy Tickets
https://ecal.ai/f/2b6qnP/3GxNW

US Fans stream live on ION
https://ecal.ai/f/2b79cS/3GxNW

Int'l Fans stream live on NWSL+
https://ecal.ai/f/2b79cT/3GxNW

Match Center
https://ecal.ai/f/2b6qnR/3GxNW

Standings
https://ecal.ai/f/2b6qnT/3GxNW

News
https://ecal.ai/f/2b6qnV/3GxNW

Instagram
https://ecal.ai/f/2b6qp1/3GxNW

Manage my ECAL
https://ecal.ai/f/2b6qp5/3GxNW",,CONFIRMED,webcal://ics.ecal.com/ecal-sub/6a5a6a0a512bae000263f0a7/NWSL.ics,2026-07-17T18:47:06.516724+00:00
904ca509721d0095d73c2383,NWSL,696912be54aa88c9f9280b36,Soccer,National Women’s Soccer League,⚽️ Boston Legacy FC vs Washington Spirit,2026-07-19T23:00:00+00:00,2026-07-20T01:00:00+00:00,"Centreville Bank Stadium, Pawtucket, Rhode Island","NWSL | Matchday 13

Buy Tickets
https://ecal.ai/f/2b6qp8/3GxNW

US Fans stream live on Victory+
https://ecal.ai/f/2b79cV/3GxNW

Int'l Fans stream live on NWSL+
https://ecal.ai/f/2b79cW/3GxNW

Match Center
https://ecal.ai/f/2b6qpd/3GxNW

Standings
https://ecal.ai/f/2b6qph/3GxNW

Stats
https://ecal.ai/f/2b6qpl/3GxNW

Instagram
https://ecal.ai/f/2b6qpp/3GxNW

Manage my ECAL
https://ecal.ai/f/2b6qpx/3GxNW",,CONFIRMED,webcal://ics.ecal.com/ecal-sub/6a5a6a0a512bae000263f0a7/NWSL.ics,2026-07-17T18:47:06.516724+00:00
1b092fbce954ac567e59a5e9,nsl,69a07669df12210002380155,Soccer,Northern Super League,Calgary Wild FC vs. Ottawa Rapid FC,2026-07-23T01:00:00+00:00,2026-07-23T03:00:00+00:00,McMahon Stadium,"Tickets
https://ecal.ai/f/2ct7KT/3G6TR

Watch Live on TSN
https://ecal.ai/f/2ct7KV/3G6TR

Check out our YouTube channel
https://ecal.ai/f/2ct7KX/3G6TR

Shop
https://ecal.ai/f/2ct7KW/3G6TR

YouTube
https://ecal.ai/f/2ct7KX/3G6TR

Instagram
https://ecal.ai/f/2ct7KY/3G6TR

Linktree
https://ecal.ai/f/2ct7KZ/3G6TR

Manage my ECAL
https://ecal.ai/f/2ct7L3/3G6TR",,CONFIRMED,https://ics.ecal.com/ecal-sub/6a57ce26dd9a8c00026e1b13/Northern%20Super%20League.ics,2026-07-17T18:47:06.277325+00:00
a5dc07ca1ca4df7ff168f709,nsl,69a07669df12210002380156,Soccer,Northern Super League,Montreal Roses FC vs. AFC Toronto,2026-07-23T23:00:00+00:00,2026-07-24T01:00:00+00:00,Stade Boréale,"Tickets
https://ecal.ai/f/2ct7Nk/3G6TR

Watch Live on CBC Sports
https://ecal.ai/f/2dc8Tf/3G6TR

Check out our YouTube channel
https://ecal.ai/f/2ct7Nm/3G6TR

Shop
https://ecal.ai/f/2ct7Nl/3G6TR

YouTube
https://ecal.ai/f/2ct7Nm/3G6TR

Instagram
https://ecal.ai/f/2ct7Nn/3G6TR

Linktree
https://ecal.ai/f/2ct7Np/3G6TR

Manage my ECAL
https://ecal.ai/f/2ct7Ns/3G6TR",,CONFIRMED,https://ics.ecal.com/ecal-sub/6a57ce26dd9a8c00026e1b13/Northern%20Super%20League.ics,2026-07-17T18:47:06.277325+00:00
e9e076871d7213b5c7c1078d,NWSL,696912be54aa88c9f9280b38,Soccer,National Women’s Soccer League,⚽️ Houston Dash vs Bay FC,2026-07-25T00:00:00+00:00,2026-07-25T02:00:00+00:00,"Shell Energy Stadium, Houston, Texas","NWSL | Matchday 14

Buy Tickets
https://ecal.ai/f/2b6qq4/3GxNW

US Fans stream live on Victory+
https://ecal.ai/f/2b79cZ/3GxNW

Int'l Fans stream live on NWSL+
https://ecal.ai/f/2b79d1/3GxNW

Match Center
https://ecal.ai/f/2b6qq7/3GxNW

Standings
https://ecal.ai/f/2b6qqc/3GxNW

News
https://ecal.ai/f/2b6qqg/3GxNW

Instagram
https://ecal.ai/f/2b6qqm/3GxNW

Manage my ECAL
https://ecal.ai/f/2b6qqy/3GxNW",,CONFIRMED,webcal://ics.ecal.com/ecal-sub/6a5a6a0a512bae000263f0a7/NWSL.ics,2026-07-17T18:47:06.516724+00:00
2d94b85a50803436308471c5,NWSL,696912be54aa88c9f9280b37,Soccer,National Women’s Soccer League,⚽️ Orlando Pride vs Chicago Stars FC,2026-07-25T00:00:00+00:00,2026-07-25T02:00:00+00:00,"Inter&Co Stadium, Orlando, Florida","NWSL | Matchday 14

Buy Tickets
https://ecal.ai/f/2b6qpC/3GxNW

US Fans stream live on Victory+
https://ecal.ai/f/2b79cX/3GxNW

Int'l Fans stream live on NWSL+
https://ecal.ai/f/2b79cY/3GxNW

Match Center
https://ecal.ai/f/2b6qpG/3GxNW

Standings
https://ecal.ai/f/2b6qpJ/3GxNW

Shop
https://ecal.ai/f/2b6qpM/3GxNW

Instagram
https://ecal.ai/f/2b6qpQ/3GxNW

Manage my ECAL
https://ecal.ai/f/2b6qq1/3GxNW",,CONFIRMED,webcal://ics.ecal.com/ecal-sub/6a5a6a0a512bae000263f0a7/NWSL.ics,2026-07-17T18:47:06.516724+00:00
aab3f4a107b46691c409b1c7,NWSL,696912be54aa88c9f9280b39,Soccer,National Women’s Soccer League,⚽️ Portland Thorns FC vs Gotham FC,2026-07-25T02:00:00+00:00,2026-07-25T04:00:00+00:00,"Providence Park, Portland, Oregon","NWSL | Matchday 14

Buy Tickets
https://ecal.ai/f/2b6qqD/3GxNW

US Fans stream live on Prime Video
https://ecal.ai/f/2b79d2/3GxNW

Int'l Fans stream live on NWSL+
https://ecal.ai/f/2b79d3/3GxNW

Match Center
https://ecal.ai/f/2b6qqH/3GxNW

Standings
https://ecal.ai/f/2b6qqM/3GxNW

Stats
https://ecal.ai/f/2b6qqR/3GxNW

Instagram
https://ecal.ai/f/2b6qqZ/3GxNW

Manage my ECAL
https://ecal.ai/f/2b6qrb/3GxNW",,CONFIRMED,webcal://ics.ecal.com/ecal-sub/6a5a6a0a512bae000263f0a7/NWSL.ics,2026-07-17T18:47:06.516724+00:00
88ea461af478459413559d3c,nsl,69a07669df12210002380157,Soccer,Northern Super League,Vancouver Rise FC vs. Halifax Tides FC,2026-07-25T20:00:00+00:00,2026-07-25T22:00:00+00:00,Swangard Stadium,"Tickets
https://ecal.ai/f/2ct7N8/3G6TR

Watch Live on TSN
https://ecal.ai/f/2ct7N9/3G6TR

Check out our YouTube channel
https://ecal.ai/f/2ct7Nc/3G6TR

Shop
https://ecal.ai/f/2ct7Nb/3G6TR

YouTube
https://ecal.ai/f/2ct7Nc/3G6TR

Instagram
https://ecal.ai/f/2ct7Nd/3G6TR

Linktree
https://ecal.ai/f/2ct7Nf/3G6TR

Manage my ECAL
https://ecal.ai/f/2ct7Nj/3G6TR",,CONFIRMED,https://ics.ecal.com/ecal-sub/6a57ce26dd9a8c00026e1b13/Northern%20Super%20League.ics,2026-07-17T18:47:06.277325+00:00
099276c3e4dc14e91c5db29a,NWSL,696912be54aa88c9f9280b3a,Soccer,National Women’s Soccer League,⚽️ Boston Legacy FC vs Kansas City Current,2026-07-25T21:00:00+00:00,2026-07-25T23:00:00+00:00,"Centreville Bank Stadium, Pawtucket, Rhode Island","NWSL | Matchday 14

Buy Tickets
https://ecal.ai/f/2b6qrh/3GxNW

US Fans stream live on ION
https://ecal.ai/f/2b79d4/3GxNW

Int'l Fans stream live on NWSL+
https://ecal.ai/f/2b79d5/3GxNW

Match Center
https://ecal.ai/f/2b6qrl/3GxNW

Standings
https://ecal.ai/f/2b6qrp/3GxNW

Shop
https://ecal.ai/f/2b6qrt/3GxNW

Instagram
https://ecal.ai/f/2b6qrz/3GxNW

Manage my ECAL
https://ecal.ai/f/2b6qrH/3GxNW",,CONFIRMED,webcal://ics.ecal.com/ecal-sub/6a5a6a0a512bae000263f0a7/NWSL.ics,2026-07-17T18:47:06.516724+00:00
cd860cae9942b0483422d341,NWSL,696912be54aa88c9f9280b3b,Soccer,National Women’s Soccer League,⚽️ North Carolina Courage vs Utah Royals FC,2026-07-25T23:45:00+00:00,2026-07-26T01:45:00+00:00,"First Horizon Stadium at WakeMed Soccer Park, Cary, North Carolina","NWSL | Matchday 14

Buy Tickets
https://ecal.ai/f/2b6qrL/3GxNW

US Fans stream live on ION
https://ecal.ai/f/2b79d6/3GxNW

Int'l Fans stream live on NWSL+
https://ecal.ai/f/2b79d7/3GxNW

Match Center
https://ecal.ai/f/2b6qrM/3GxNW

Standings
https://ecal.ai/f/2b6qrQ/3GxNW

News
https://ecal.ai/f/2b6qrS/3GxNW

Instagram
https://ecal.ai/f/2b6qrV/3GxNW

Manage my ECAL
https://ecal.ai/f/2b6qs2/3GxNW",,CONFIRMED,webcal://ics.ecal.com/ecal-sub/6a5a6a0a512bae000263f0a7/NWSL.ics,2026-07-17T18:47:06.516724+00:00
9feb7d38c4027436cf384d9d,NWSL,696912be54aa88c9f9280b3c,Soccer,National Women’s Soccer League,⚽️ San Diego Wave FC vs Seattle Reign FC,2026-07-26T21:00:00+00:00,2026-07-26T23:00:00+00:00,"Snapdragon Stadium, San Diego, California","NWSL | Matchday 14

Buy Tickets
https://ecal.ai/f/2b6qs6/3GxNW

US Fans stream live on CBS Sports
https://ecal.ai/f/2b799F/3GxNW

Int'l Fans stream live on NWSL+
https://ecal.ai/f/2b799G/3GxNW

Match Center
https://ecal.ai/f/2b6qs8/3GxNW

Standings
https://ecal.ai/f/2b6qsb/3GxNW

Stats
https://ecal.ai/f/2b6qsd/3GxNW

Instagram
https://ecal.ai/f/2b6qsh/3GxNW

Manage my ECAL
https://ecal.ai/f/2b6qsr/3GxNW",,CONFIRMED,webcal://ics.ecal.com/ecal-sub/6a5a6a0a512bae000263f0a7/NWSL.ics,2026-07-17T18:47:06.516724+00:00
8b7ee0664ec44e9a7bf6f459,NWSL,696912be54aa88c9f9280b3d,Soccer,National Women’s Soccer League,⚽️ Washington Spirit vs Denver Summit FC,2026-07-26T23:00:00+00:00,2026-07-27T01:00:00+00:00,"Audi Field, Washington, District of Columbia","NWSL | Matchday 14

Buy Tickets
https://ecal.ai/f/2b6qst/3GxNW

US Fans stream live on Victory+
https://ecal.ai/f/2b79db/3GxNW

Int'l Fans stream live on NWSL+
https://ecal.ai/f/2b79dc/3GxNW

Match Center
https://ecal.ai/f/2b6qsx/3GxNW

Standings
https://ecal.ai/f/2b6qsB/3GxNW

Shop
https://ecal.ai/f/2b6qsF/3GxNW

Instagram
https://ecal.ai/f/2b6qsJ/3GxNW

Manage my ECAL
https://ecal.ai/f/2b6qsR/3GxNW",,CONFIRMED,webcal://ics.ecal.com/ecal-sub/6a5a6a0a512bae000263f0a7/NWSL.ics,2026-07-17T18:47:06.516724+00:00
277284c036c7a2379e2c6107,NWSL,696912be54aa88c9f9280b3e,Soccer,National Women’s Soccer League,⚽️ Angel City FC vs Racing Louisville FC,2026-07-27T01:00:00+00:00,2026-07-27T03:00:00+00:00,"BMO Stadium, Los Angeles, California","NWSL | Matchday 14

Buy Tickets
https://ecal.ai/f/2b6qsS/3GxNW

US Fans stream live on ESPN
https://ecal.ai/f/2b79dd/3GxNW

US Fans stream live on ESPN Deportes
https://ecal.ai/f/2b79dd/3GxNW

Int'l Fans stream live on NWSL+
https://ecal.ai/f/2b79df/3GxNW

Match Center
https://ecal.ai/f/2b6qsT/3GxNW

Standings
https://ecal.ai/f/2b6qsW/3GxNW

News
https://ecal.ai/f/2b6qsZ/3GxNW

Instagram
https://ecal.ai/f/2b6qt3/3GxNW

Manage my ECAL
https://ecal.ai/f/2b6qt8/3GxNW",,CONFIRMED,webcal://ics.ecal.com/ecal-sub/6a5a6a0a512bae000263f0a7/NWSL.ics,2026-07-17T18:47:06.516724+00:00
b31d352bcbfe788c42217769,nsl,69a07669df12210002380158,Soccer,Northern Super League,AFC Toronto vs. Calgary Wild FC,2026-07-28T23:00:00+00:00,2026-07-29T01:00:00+00:00,York Lions Stadium,"Tickets
https://ecal.ai/f/2ct7MY/3G6TR

Watch Live on TSN
https://ecal.ai/f/2ct7MZ/3G6TR

Check out our YouTube channel
https://ecal.ai/f/2ct7N2/3G6TR

Shop
https://ecal.ai/f/2ct7N1/3G6TR

YouTube
https://ecal.ai/f/2ct7N2/3G6TR

Instagram
https://ecal.ai/f/2ct7N3/3G6TR

Linktree
https://ecal.ai/f/2ct7N4/3G6TR

Manage my ECAL
https://ecal.ai/f/2ct7N7/3G6TR",,CONFIRMED,https://ics.ecal.com/ecal-sub/6a57ce26dd9a8c00026e1b13/Northern%20Super%20League.ics,2026-07-17T18:47:06.277325+00:00
c1cc1413bb4ef3a0300eacd2,NWSL,696912be54aa88c9f9280b3f,Soccer,National Women’s Soccer League,⚽️ Kansas City Current vs Racing Louisville FC,2026-07-30T00:00:00+00:00,2026-07-30T02:00:00+00:00,"CPKC Stadium, Kansas City, Missouri","NWSL | Matchday 15

Buy Tickets
https://ecal.ai/f/2b6qt9/3GxNW

US Fans stream live on CBS Sports
https://ecal.ai/f/2b79dg/3GxNW

Int'l Fans stream live on NWSL+
https://ecal.ai/f/2b79dh/3GxNW

Match Center
https://ecal.ai/f/2b6qtd/3GxNW

Standings
https://ecal.ai/f/2b6qtj/3GxNW

Stats
https://ecal.ai/f/2b6qtm/3GxNW

Instagram
https://ecal.ai/f/2b6qtn/3GxNW

Manage my ECAL
https://ecal.ai/f/2b6qtr/3GxNW",,CONFIRMED,webcal://ics.ecal.com/ecal-sub/6a5a6a0a512bae000263f0a7/NWSL.ics,2026-07-17T18:47:06.516724+00:00
b96fd0e6980ee12c55953f6f,NWSL,696912be54aa88c9f9280b40,Soccer,National Women’s Soccer League,⚽️ Utah Royals FC vs Washington Spirit,2026-07-30T01:00:00+00:00,2026-07-30T03:00:00+00:00,"America First Field, Sandy, Utah","NWSL | Matchday 15

Buy Tickets
https://ecal.ai/f/2b6qts/3GxNW

Stream live on NWSL+
https://ecal.ai/f/2b79dj/3GxNW

Match Center
https://ecal.ai/f/2b6qtt/3GxNW

Standings
https://ecal.ai/f/2b6qtv/3GxNW

Shop
https://ecal.ai/f/2b6qty/3GxNW

Instagram
https://ecal.ai/f/2b6qtD/3GxNW

Manage my ECAL
https://ecal.ai/f/2b6qtP/3GxNW",,CONFIRMED,webcal://ics.ecal.com/ecal-sub/6a5a6a0a512bae000263f0a7/NWSL.ics,2026-07-17T18:47:06.516724+00:00
54c4c988cb6b1cc0a5da9420,NWSL,696912be54aa88c9f9280b41,Soccer,National Women’s Soccer League,⚽️ Bay FC vs Gotham FC,2026-07-30T02:00:00+00:00,2026-07-30T04:00:00+00:00,"PayPal Park, San Jose, California","NWSL | Matchday 15

Buy Tickets
https://ecal.ai/f/2b6qtV/3GxNW

US Fans stream live on CBS Sports
https://ecal.ai/f/2b79dk/3GxNW

Int'l Fans stream live on NWSL+
https://ecal.ai/f/2b79dl/3GxNW

Match Center
https://ecal.ai/f/2b6qtY/3GxNW

Standings
https://ecal.ai/f/2b6qv1/3GxNW

News
https://ecal.ai/f/2b6qv3/3GxNW

Instagram
https://ecal.ai/f/2b6qv5/3GxNW

Manage my ECAL
https://ecal.ai/f/2b6qvb/3GxNW",,CONFIRMED,webcal://ics.ecal.com/ecal-sub/6a5a6a0a512bae000263f0a7/NWSL.ics,2026-07-17T18:47:06.516724+00:00
6910e0c3e60d7b370cb1396c,nsl,69a07669df12210002380159,Soccer,Northern Super League,Vancouver Rise FC vs. Montreal Roses FC,2026-07-30T02:00:00+00:00,2026-07-30T04:00:00+00:00,Swangard Stadium,"Tickets
https://ecal.ai/f/2ct7L4/3G6TR

Watch Live on TSN
https://ecal.ai/f/2dc8V2/3G6TR

Check out our YouTube channel
https://ecal.ai/f/2ct7L6/3G6TR

Shop
https://ecal.ai/f/2ct7L5/3G6TR

YouTube
https://ecal.ai/f/2ct7L6/3G6TR

Instagram
https://ecal.ai/f/2ct7L7/3G6TR

Linktree
https://ecal.ai/f/2ct7L8/3G6TR

Manage my ECAL
https://ecal.ai/f/2ct7Lc/3G6TR",,CONFIRMED,https://ics.ecal.com/ecal-sub/6a57ce26dd9a8c00026e1b13/Northern%20Super%20League.ics,2026-07-17T18:47:06.277325+00:00
5f938b1f586cc754e8498f32,NWSL,696912be54aa88c9f9280b42,Soccer,National Women’s Soccer League,⚽️ North Carolina Courage vs Orlando Pride,2026-08-01T00:00:00+00:00,2026-08-01T02:00:00+00:00,"First Horizon Stadium at WakeMed Soccer Park, Cary, North Carolina","NWSL | Matchday 15

Buy Tickets
https://ecal.ai/f/2b6qvd/3GxNW

US Fans stream live on Prime Video
https://ecal.ai/f/2b79dm/3GxNW

Int'l Fans stream live on NWSL+
https://ecal.ai/f/2b79dn/3GxNW

Match Center
https://ecal.ai/f/2b6qvf/3GxNW

Standings
https://ecal.ai/f/2b6qvh/3GxNW

Stats
https://ecal.ai/f/2b6qvj/3GxNW

Instagram
https://ecal.ai/f/2b6qvn/3GxNW

Manage my ECAL
https://ecal.ai/f/2b6qvv/3GxNW",,CONFIRMED,webcal://ics.ecal.com/ecal-sub/6a5a6a0a512bae000263f0a7/NWSL.ics,2026-07-17T18:47:06.516724+00:00
d9912dee1977b1c79bc351d1,NWSL,696912be54aa88c9f9280b43,Soccer,National Women’s Soccer League,⚽️ Racing Louisville FC vs Chicago Stars FC,2026-08-01T20:00:00+00:00,2026-08-01T22:00:00+00:00,"Lynn Family Stadium, Louisville, Kentucky","NWSL | Matchday 15

Buy Tickets
https://ecal.ai/f/2b6qvy/3GxNW

US Fans stream live on CBS Sports
https://ecal.ai/f/2b79dp/3GxNW

Int'l Fans stream live on NWSL+
https://ecal.ai/f/2b79dq/3GxNW

Match Center
https://ecal.ai/f/2b6qvB/3GxNW

Standings
https://ecal.ai/f/2b6qvD/3GxNW

Shop
https://ecal.ai/f/2b6qvH/3GxNW

Instagram
https://ecal.ai/f/2b6qvL/3GxNW

Manage my ECAL
https://ecal.ai/f/2b6qvV/3GxNW",,CONFIRMED,webcal://ics.ecal.com/ecal-sub/6a5a6a0a512bae000263f0a7/NWSL.ics,2026-07-17T18:47:06.516724+00:00
6c6d6400ae0284633e53c684,nsl,69a07669df1221000238015a,Soccer,Northern Super League,Calgary Wild FC vs. AFC Toronto,2026-08-01T20:00:00+00:00,2026-08-01T22:00:00+00:00,McMahon Stadium,"Tickets
https://ecal.ai/f/2ct7MN/3G6TR

Watch Live on TSN
https://ecal.ai/f/2ct7MP/3G6TR

Check out our YouTube channel
https://ecal.ai/f/2ct7MR/3G6TR

Shop
https://ecal.ai/f/2ct7MQ/3G6TR

YouTube
https://ecal.ai/f/2ct7MR/3G6TR

Instagram
https://ecal.ai/f/2ct7MS/3G6TR

Linktree
https://ecal.ai/f/2ct7MT/3G6TR

Manage my ECAL
https://ecal.ai/f/2ct7MX/3G6TR",,CONFIRMED,https://ics.ecal.com/ecal-sub/6a57ce26dd9a8c00026e1b13/Northern%20Super%20League.ics,2026-07-17T18:47:06.277325+00:00
1b2de7f8dc6cf9f5eb463489,NWSL,696912be54aa88c9f9280b44,Soccer,National Women’s Soccer League,⚽️ Kansas City Current vs Angel City FC,2026-08-01T22:30:00+00:00,2026-08-02T00:30:00+00:00,"CPKC Stadium, Kansas City, Missouri","NWSL | Matchday 15

Buy Tickets
https://ecal.ai/f/2b6qvY/3GxNW

US Fans stream live on ION
https://ecal.ai/f/2b79dr/3GxNW

Int'l Fans stream live on NWSL+
https://ecal.ai/f/2b79ds/3GxNW

Match Center
https://ecal.ai/f/2b6qw1/3GxNW

Standings
https://ecal.ai/f/2b6qw3/3GxNW

News
https://ecal.ai/f/2b6qw5/3GxNW

Instagram
https://ecal.ai/f/2b6qw7/3GxNW

Manage my ECAL
https://ecal.ai/f/2b6qwf/3GxNW",,CONFIRMED,webcal://ics.ecal.com/ecal-sub/6a5a6a0a512bae000263f0a7/NWSL.ics,2026-07-17T18:47:06.516724+00:00
72e30a043804691553d8177f,NWSL,696912be54aa8849325af047,Soccer,National Women’s Soccer League,⚽️ Houston Dash vs Gotham FC,2026-08-02T00:00:00+00:00,2026-08-02T02:00:00+00:00,"Shell Energy Stadium, Houston, Texas","NWSL | Matchday 15

Buy Tickets
https://ecal.ai/f/2b6qwD/3GxNW

Stream live on NWSL+
https://ecal.ai/f/2b79dt/3GxNW

Match Center
https://ecal.ai/f/2b6qwF/3GxNW

Standings
https://ecal.ai/f/2b6qwG/3GxNW

Stats
https://ecal.ai/f/2b6qwH/3GxNW

Instagram
https://ecal.ai/f/2b6qwJ/3GxNW

Manage my ECAL
https://ecal.ai/f/2b6qwM/3GxNW",,CONFIRMED,webcal://ics.ecal.com/ecal-sub/6a5a6a0a512bae000263f0a7/NWSL.ics,2026-07-17T18:47:06.516724+00:00
2f37f21d6ade726a4681a899,NWSL,696912be54aa8849325af048,Soccer,National Women’s Soccer League,⚽️ Bay FC vs Seattle Reign FC,2026-08-02T00:45:00+00:00,2026-08-02T02:45:00+00:00,"PayPal Park, San Jose, California","NWSL | Matchday 15

Buy Tickets
https://ecal.ai/f/2b6qwN/3GxNW

US Fans stream live on ION
https://ecal.ai/f/2b79dv/3GxNW

Int'l Fans stream live on NWSL+
https://ecal.ai/f/2b79dw/3GxNW

Match Center
https://ecal.ai/f/2b6qwP/3GxNW

Standings
https://ecal.ai/f/2b6qwQ/3GxNW

Shop
https://ecal.ai/f/2b6qwR/3GxNW

Instagram
https://ecal.ai/f/2b6qwS/3GxNW

Manage my ECAL
https://ecal.ai/f/2b6qwY/3GxNW",,CONFIRMED,webcal://ics.ecal.com/ecal-sub/6a5a6a0a512bae000263f0a7/NWSL.ics,2026-07-17T18:47:06.516724+00:00
87b568f465b94d497c388e9e,NWSL,696912be54aa88c9f9280b45,Soccer,National Women’s Soccer League,⚽️ Washington Spirit vs San Diego Wave FC,2026-08-02T20:00:00+00:00,2026-08-02T22:00:00+00:00,"Audi Field, Washington, District of Columbia","NWSL | Matchday 15

Buy Tickets
https://ecal.ai/f/2b6qwj/3GxNW

US Fans stream live on CBS Sports
https://ecal.ai/f/2b79dx/3GxNW

Int'l Fans stream live on NWSL+
https://ecal.ai/f/2b79dy/3GxNW

Match Center
https://ecal.ai/f/2b6qwl/3GxNW

Standings
https://ecal.ai/f/2b6qwq/3GxNW

News
https://ecal.ai/f/2b6qws/3GxNW

Instagram
https://ecal.ai/f/2b6qww/3GxNW

Manage my ECAL
https://ecal.ai/f/2b6qwC/3GxNW",,CONFIRMED,webcal://ics.ecal.com/ecal-sub/6a5a6a0a512bae000263f0a7/NWSL.ics,2026-07-17T18:47:06.516724+00:00
f0f6858d95c8cf00811544a9,NWSL,696912be54aa88c9f9280b46,Soccer,National Women’s Soccer League,⚽️ Utah Royals FC vs Portland Thorns FC,2026-08-02T23:00:00+00:00,2026-08-03T01:00:00+00:00,"America First Field, Sandy, Utah","NWSL | Matchday 15

Buy Tickets
https://ecal.ai/f/2b6qwZ/3GxNW

US Fans stream live on Victory+
https://ecal.ai/f/2b79dz/3GxNW

Int'l Fans stream live on NWSL+
https://ecal.ai/f/2b79dB/3GxNW

Match Center
https://ecal.ai/f/2b6qx2/3GxNW

Standings
https://ecal.ai/f/2b6qx4/3GxNW

Stats
https://ecal.ai/f/2b6qx6/3GxNW

Instagram
https://ecal.ai/f/2b6qxb/3GxNW

Manage my ECAL
https://ecal.ai/f/2b6qxj/3GxNW",,CONFIRMED,webcal://ics.ecal.com/ecal-sub/6a5a6a0a512bae000263f0a7/NWSL.ics,2026-07-17T18:47:06.516724+00:00
b872ce039573ad242c55f899,NWSL,696912be54aa88c9f9280b47,Soccer,National Women’s Soccer League,⚽️ Denver Summit FC vs Boston Legacy FC,2026-08-03T01:00:00+00:00,2026-08-03T03:00:00+00:00,"Centennial Stadium, Centennial, Colorado","NWSL | Matchday 15

Buy Tickets
https://ecal.ai/f/2b6qxk/3GxNW

US Fans stream live on ESPN
https://ecal.ai/f/2b79dC/3GxNW

US Fans stream live on ESPN Deportes
https://ecal.ai/f/2b79dC/3GxNW

Int'l Fans stream live on NWSL+
https://ecal.ai/f/2b79dD/3GxNW

Match Center
https://ecal.ai/f/2b6qxl/3GxNW

Standings
https://ecal.ai/f/2b6qxn/3GxNW

Shop
https://ecal.ai/f/2b6qxp/3GxNW

Instagram
https://ecal.ai/f/2b6qxq/3GxNW

Manage my ECAL
https://ecal.ai/f/2b6qxv/3GxNW",,CONFIRMED,webcal://ics.ecal.com/ecal-sub/6a5a6a0a512bae000263f0a7/NWSL.ics,2026-07-17T18:47:06.516724+00:00
b91366ac53f90e79e8f27b26,nsl,69a07669df1221000238015b,Soccer,Northern Super League,Halifax Tides FC vs. Ottawa Rapid FC,2026-08-03T18:00:00+00:00,2026-08-03T20:00:00+00:00,Wanderers Grounds,"Tickets
https://ecal.ai/f/2ct7MD/3G6TR

Watch Live on CBC Sports
https://ecal.ai/f/2dc8TZ/3G6TR

Check out our YouTube channel
https://ecal.ai/f/2ct7MG/3G6TR

Shop
https://ecal.ai/f/2ct7MF/3G6TR

YouTube
https://ecal.ai/f/2ct7MG/3G6TR

Instagram
https://ecal.ai/f/2ct7MH/3G6TR

Linktree
https://ecal.ai/f/2ct7MJ/3G6TR

Manage my ECAL
https://ecal.ai/f/2ct7MM/3G6TR",,CONFIRMED,https://ics.ecal.com/ecal-sub/6a57ce26dd9a8c00026e1b13/Northern%20Super%20League.ics,2026-07-17T18:47:06.277325+00:00
b70dd1fd5acd9de03aa1e477,NWSL,696912be54aa88c9f9280b48,Soccer,National Women’s Soccer League,⚽️ Denver Summit FC vs North Carolina Courage,2026-08-06T02:00:00+00:00,2026-08-06T04:00:00+00:00,"Centennial Stadium, Centennial, Colorado","NWSL | Matchday 16

Buy Tickets
https://ecal.ai/f/2b6qxw/3GxNW

US Fans stream live on CBS Sports
https://ecal.ai/f/2b79dF/3GxNW

Int'l Fans stream live on NWSL+
https://ecal.ai/f/2b79dG/3GxNW

Match Center
https://ecal.ai/f/2b6qxx/3GxNW

Standings
https://ecal.ai/f/2b6qxy/3GxNW

News
https://ecal.ai/f/2b6qxz/3GxNW

Instagram
https://ecal.ai/f/2b6qxB/3GxNW

Manage my ECAL
https://ecal.ai/f/2b6qxG/3GxNW",,CONFIRMED,webcal://ics.ecal.com/ecal-sub/6a5a6a0a512bae000263f0a7/NWSL.ics,2026-07-17T18:47:06.516724+00:00
164938782ff0e5a12a74dfe2,NWSL,696912be54aa88c9f9280b4c,Soccer,National Women’s Soccer League,⚽️ Orlando Pride vs Racing Louisville FC,2026-08-07T23:00:00+00:00,2026-08-08T01:00:00+00:00,"Inter&Co Stadium, Orlando, Florida","NWSL | Matchday 16

Buy Tickets
https://ecal.ai/f/2b6qyt/3GxNW

Stream live on NWSL+
https://ecal.ai/f/2b79dP/3GxNW

Match Center
https://ecal.ai/f/2b6qyv/3GxNW

Standings
https://ecal.ai/f/2b6qyx/3GxNW

Stats
https://ecal.ai/f/2b6qyy/3GxNW

Instagram
https://ecal.ai/f/2b6qyz/3GxNW

Manage my ECAL
https://ecal.ai/f/2b6qyF/3GxNW",,CONFIRMED,webcal://ics.ecal.com/ecal-sub/6a5a6a0a512bae000263f0a7/NWSL.ics,2026-07-17T18:47:06.516724+00:00
e71b52853501dafa889dd273,nsl,69a07669df1221000238015c,Soccer,Northern Super League,Montreal Roses FC vs. Halifax Tides FC,2026-08-07T23:00:00+00:00,2026-08-08T01:00:00+00:00,Stade Boréale,"Tickets
https://ecal.ai/f/2ct7Ms/3G6TR

Watch Live on TSN
https://ecal.ai/f/2ct7Mt/3G6TR

Check out our YouTube channel
https://ecal.ai/f/2ct7Mw/3G6TR

Shop
https://ecal.ai/f/2ct7Mv/3G6TR

YouTube
https://ecal.ai/f/2ct7Mw/3G6TR

Instagram
https://ecal.ai/f/2ct7Mx/3G6TR

Linktree
https://ecal.ai/f/2ct7My/3G6TR

Manage my ECAL
https://ecal.ai/f/2ct7MC/3G6TR",,CONFIRMED,https://ics.ecal.com/ecal-sub/6a57ce26dd9a8c00026e1b13/Northern%20Super%20League.ics,2026-07-17T18:47:06.277325+00:00
30bac63f46819c49417581a3,NWSL,696912be54aa88c9f9280b49,Soccer,National Women’s Soccer League,⚽️ Gotham FC vs San Diego Wave FC,2026-08-08T00:00:00+00:00,2026-08-08T02:00:00+00:00,"Sports Illustrated Stadium, Harrison, New Jersey","NWSL | Matchday 16

Buy Tickets
https://ecal.ai/f/2b6qxH/3GxNW

US Fans stream live on Prime Video
https://ecal.ai/f/2b79dH/3GxNW

Int'l Fans stream live on NWSL+
https://ecal.ai/f/2b79dJ/3GxNW

Match Center
https://ecal.ai/f/2b6qxJ/3GxNW

Standings
https://ecal.ai/f/2b6qxK/3GxNW

Shop
https://ecal.ai/f/2cspy7/3GxNW

Instagram
https://ecal.ai/f/2b6qxQ/3GxNW

Manage my ECAL
https://ecal.ai/f/2b6qxX/3GxNW",,CONFIRMED,webcal://ics.ecal.com/ecal-sub/6a5a6a0a512bae000263f0a7/NWSL.ics,2026-07-17T18:47:06.516724+00:00
9d8b41e64cc61c23714222bc,NWSL,696912be54aa88c9f9280b4a,Soccer,National Women’s Soccer League,⚽️ Denver Summit FC vs Utah Royals FC,2026-08-08T20:00:00+00:00,2026-08-08T22:00:00+00:00,"Centennial Stadium, Centennial, Colorado","NWSL | Matchday 16

Buy Tickets
https://ecal.ai/f/2b6qxZ/3GxNW

US Fans stream live on ION
https://ecal.ai/f/2b79dK/3GxNW

Int'l Fans stream live on NWSL+
https://ecal.ai/f/2b79dL/3GxNW

Match Center
https://ecal.ai/f/2b6qy1/3GxNW

Standings
https://ecal.ai/f/2b6qy3/3GxNW

News
https://ecal.ai/f/2cspy6/3GxNW

Instagram
https://ecal.ai/f/2b6qy6/3GxNW

Manage my ECAL
https://ecal.ai/f/2b6qyf/3GxNW",,CONFIRMED,webcal://ics.ecal.com/ecal-sub/6a5a6a0a512bae000263f0a7/NWSL.ics,2026-07-17T18:47:06.516724+00:00
56241c04f459cc2689aee795,NWSL,696912be54aa88c9f9280b4b,Soccer,National Women’s Soccer League,⚽️ Washington Spirit vs North Carolina Courage,2026-08-08T22:30:00+00:00,2026-08-09T00:30:00+00:00,"Audi Field, Washington, District of Columbia","NWSL | Matchday 16

Buy Tickets
https://ecal.ai/f/2b6qyh/3GxNW

US Fans stream live on ION
https://ecal.ai/f/2b79dM/3GxNW

Int'l Fans stream live on NWSL+
https://ecal.ai/f/2b79dN/3GxNW

Match Center
https://ecal.ai/f/2b6qyj/3GxNW

Standings
https://ecal.ai/f/2b6qyk/3GxNW

Stats
https://ecal.ai/f/2cspy8/3GxNW

Instagram
https://ecal.ai/f/2b6qym/3GxNW

Manage my ECAL
https://ecal.ai/f/2b6qys/3GxNW",,CONFIRMED,webcal://ics.ecal.com/ecal-sub/6a5a6a0a512bae000263f0a7/NWSL.ics,2026-07-17T18:47:06.516724+00:00
b84663e9a8e7726c57f50193,nsl,69a07669df1221000238015d,Soccer,Northern Super League,Vancouver Rise FC vs. Calgary Wild FC,2026-08-08T23:00:00+00:00,2026-08-09T01:00:00+00:00,Swangard Stadium,"Tickets
https://ecal.ai/f/2ct7Mf/3G6TR

Watch Live on CBC Sports
https://ecal.ai/f/2dc8V1/3G6TR

Check out our YouTube channel
https://ecal.ai/f/2ct7Mh/3G6TR

Shop
https://ecal.ai/f/2ct7Mg/3G6TR

YouTube
https://ecal.ai/f/2ct7Mh/3G6TR

Instagram
https://ecal.ai/f/2ct7Mk/3G6TR

Linktree
https://ecal.ai/f/2ct7Mm/3G6TR

Manage my ECAL
https://ecal.ai/f/2ct7Mr/3G6TR",,CONFIRMED,https://ics.ecal.com/ecal-sub/6a57ce26dd9a8c00026e1b13/Northern%20Super%20League.ics,2026-07-17T18:47:06.277325+00:00
cf4ac8727fa389d0fe737a32,NWSL,696912be54aa88c9f9280b4d,Soccer,National Women’s Soccer League,⚽️ Houston Dash vs Kansas City Current,2026-08-09T00:45:00+00:00,2026-08-09T02:45:00+00:00,"Shell Energy Stadium, Houston, Texas","NWSL | Matchday 16

Buy Tickets
https://ecal.ai/f/2b6qyG/3GxNW

US Fans stream live on ION
https://ecal.ai/f/2b79dQ/3GxNW

Int'l Fans stream live on NWSL+
https://ecal.ai/f/2b79dR/3GxNW

Match Center
https://ecal.ai/f/2b6qyH/3GxNW

Standings
https://ecal.ai/f/2b6qyJ/3GxNW

Shop
https://ecal.ai/f/2b6qyK/3GxNW

Instagram
https://ecal.ai/f/2b6qyM/3GxNW

Manage my ECAL
https://ecal.ai/f/2b6qyQ/3GxNW",,CONFIRMED,webcal://ics.ecal.com/ecal-sub/6a5a6a0a512bae000263f0a7/NWSL.ics,2026-07-17T18:47:06.516724+00:00
e8a508e47816336d6d980c36,nsl,69a07669df1221000238015e,Soccer,Northern Super League,Ottawa Rapid FC vs. AFC Toronto,2026-08-09T18:00:00+00:00,2026-08-09T20:00:00+00:00,TD Place,"Tickets
https://ecal.ai/f/2ct7M4/3G6TR

Watch Live on TSN
https://ecal.ai/f/2ct7M5/3G6TR

Check out our YouTube channel
https://ecal.ai/f/2ct7M7/3G6TR

Shop
https://ecal.ai/f/2ct7M6/3G6TR

YouTube
https://ecal.ai/f/2ct7M7/3G6TR

Instagram
https://ecal.ai/f/2ct7M8/3G6TR

Linktree
https://ecal.ai/f/2ct7M9/3G6TR

Manage my ECAL
https://ecal.ai/f/2ct7Md/3G6TR",,CONFIRMED,https://ics.ecal.com/ecal-sub/6a57ce26dd9a8c00026e1b13/Northern%20Super%20League.ics,2026-07-17T18:47:06.277325+00:00
e26104a729bc3ba867e4d516,NWSL,696912be54aa8835084ece44,Soccer,National Women’s Soccer League,⚽️ Boston Legacy FC vs Portland Thorns FC,2026-08-09T20:00:00+00:00,2026-08-09T22:00:00+00:00,"Centreville Bank Stadium, Pawtucket, Rhode Island","NWSL | Matchday 16

Buy Tickets
https://ecal.ai/f/2b6qz4/3GxNW

US Fans stream live on CBS Sports
https://ecal.ai/f/2b79d8/3GxNW

Int'l Fans stream live on NWSL+
https://ecal.ai/f/2b79d9/3GxNW

Match Center
https://ecal.ai/f/2b6qz5/3GxNW

Standings
https://ecal.ai/f/2b6qz6/3GxNW

News
https://ecal.ai/f/2b6qz7/3GxNW

Instagram
https://ecal.ai/f/2b6qz8/3GxNW

Manage my ECAL
https://ecal.ai/f/2b6qzd/3GxNW",,CONFIRMED,webcal://ics.ecal.com/ecal-sub/6a5a6a0a512bae000263f0a7/NWSL.ics,2026-07-17T18:47:06.516724+00:00
e91626ba7580a9a2727b81e4,NWSL,696912be54aa8835084ece45,Soccer,National Women’s Soccer League,⚽️ Chicago Stars FC vs Bay FC,2026-08-09T23:00:00+00:00,2026-08-10T01:00:00+00:00,"Northwestern Medicine Field at Martin Stadium, Evanston, Illinois","NWSL | Matchday 16

Buy Tickets
https://ecal.ai/f/2b6qzf/3GxNW

US Fans stream live on Victory+
https://ecal.ai/f/2b79dS/3GxNW

Int'l Fans stream live on NWSL+
https://ecal.ai/f/2b79dT/3GxNW

Match Center
https://ecal.ai/f/2b6qzg/3GxNW

Standings
https://ecal.ai/f/2b6qzh/3GxNW

Stats
https://ecal.ai/f/2b6qzk/3GxNW

Instagram
https://ecal.ai/f/2b6qzl/3GxNW

Manage my ECAL
https://ecal.ai/f/2b6qzp/3GxNW",,CONFIRMED,webcal://ics.ecal.com/ecal-sub/6a5a6a0a512bae000263f0a7/NWSL.ics,2026-07-17T18:47:06.516724+00:00
edf54f1aeb81bdde5fe47538,NWSL,696912be54aa8835084ece46,Soccer,National Women’s Soccer League,⚽️ Seattle Reign FC vs Angel City FC,2026-08-10T01:00:00+00:00,2026-08-10T03:00:00+00:00,"Seattle Stadium, Seattle, Washington","NWSL | Matchday 16

Buy Tickets
https://ecal.ai/f/2b6qzq/3GxNW

US Fans stream live on ESPN
https://ecal.ai/f/2b79dV/3GxNW

US Fans stream live on ESPN Deportes
https://ecal.ai/f/2b79dV/3GxNW

Int'l Fans stream live on NWSL+
https://ecal.ai/f/2b79dW/3GxNW

Match Center
https://ecal.ai/f/2b6qzs/3GxNW

Standings
https://ecal.ai/f/2b6qzt/3GxNW

Shop
https://ecal.ai/f/2b6qzv/3GxNW

Instagram
https://ecal.ai/f/2b6qzx/3GxNW

Manage my ECAL
https://ecal.ai/f/2b6qzB/3GxNW",,CONFIRMED,webcal://ics.ecal.com/ecal-sub/6a5a6a0a512bae000263f0a7/NWSL.ics,2026-07-17T18:47:06.516724+00:00
67fb0e6cd67b279a9b6b66ad,NWSL,696912be54aa8835084ece47,Soccer,National Women’s Soccer League,⚽️ Gotham FC vs Kansas City Current,2026-08-15T00:00:00+00:00,2026-08-15T02:00:00+00:00,"Sports Illustrated Stadium, Harrison, New Jersey","NWSL | Matchday 17

Buy Tickets
https://ecal.ai/f/2b6qzC/3GxNW

US Fans stream live on Prime Video
https://ecal.ai/f/2b79dX/3GxNW

Int'l Fans stream live on NWSL+
https://ecal.ai/f/2b79dY/3GxNW

Match Center
https://ecal.ai/f/2b6qzD/3GxNW

Standings
https://ecal.ai/f/2b6qzG/3GxNW

News
https://ecal.ai/f/2b6qzH/3GxNW

Instagram
https://ecal.ai/f/2b6qzK/3GxNW

Manage my ECAL
https://ecal.ai/f/2b6qzS/3GxNW",,CONFIRMED,webcal://ics.ecal.com/ecal-sub/6a5a6a0a512bae000263f0a7/NWSL.ics,2026-07-17T18:47:06.516724+00:00
a7ac7dcfcba4fda78d67d0d2,NWSL,696912be54aa8835084ece4a,Soccer,National Women’s Soccer League,⚽️ San Diego Wave FC vs Denver Summit FC,2026-08-15T02:00:00+00:00,2026-08-15T04:00:00+00:00,"Snapdragon Stadium, San Diego, California","NWSL | Matchday 17

Buy Tickets
https://ecal.ai/f/2b6qBg/3GxNW

US Fans stream live on Victory+
https://ecal.ai/f/2b79f4/3GxNW

Int'l Fans stream live on NWSL+
https://ecal.ai/f/2b79f5/3GxNW

Match Center
https://ecal.ai/f/2b6qBk/3GxNW

Standings
https://ecal.ai/f/2b6qBl/3GxNW

News
https://ecal.ai/f/2b6qBq/3GxNW

Instagram
https://ecal.ai/f/2b6qBs/3GxNW

Manage my ECAL
https://ecal.ai/f/2b6qBB/3GxNW",,CONFIRMED,webcal://ics.ecal.com/ecal-sub/6a5a6a0a512bae000263f0a7/NWSL.ics,2026-07-17T18:47:06.516724+00:00
c5a026b25ae7e436933fa3b2,NWSL,696912be54aa8835084ece49,Soccer,National Women’s Soccer League,⚽️ Seattle Reign FC vs Chicago Stars FC,2026-08-15T02:00:00+00:00,2026-08-15T04:00:00+00:00,"Seattle Stadium, Seattle, Washington","NWSL | Matchday 17

Buy Tickets
https://ecal.ai/f/2b6qB3/3GxNW

US Fans stream live on Victory+
https://ecal.ai/f/2b79f2/3GxNW

Int'l Fans stream live on NWSL+
https://ecal.ai/f/2b79f3/3GxNW

Match Center
https://ecal.ai/f/2b6qB4/3GxNW

Standings
https://ecal.ai/f/2b6qB5/3GxNW

Shop
https://ecal.ai/f/2b6qB7/3GxNW

Instagram
https://ecal.ai/f/2b6qB9/3GxNW

Manage my ECAL
https://ecal.ai/f/2b6qBf/3GxNW",,CONFIRMED,webcal://ics.ecal.com/ecal-sub/6a5a6a0a512bae000263f0a7/NWSL.ics,2026-07-17T18:47:06.516724+00:00
c58e99c65fd60f684f270f64,NWSL,696912be54aa8835084ece48,Soccer,National Women’s Soccer League,⚽️ Utah Royals FC vs Bay FC,2026-08-15T02:00:00+00:00,2026-08-15T04:00:00+00:00,"America First Field, Sandy, Utah","NWSL | Matchday 17

Buy Tickets
https://ecal.ai/f/2b6qzT/3GxNW

US Fans stream live on Victory+
https://ecal.ai/f/2b79dZ/3GxNW

Int'l Fans stream live on NWSL+
https://ecal.ai/f/2b79f1/3GxNW

Match Center
https://ecal.ai/f/2b6qzV/3GxNW

Standings
https://ecal.ai/f/2b6qzW/3GxNW

Stats
https://ecal.ai/f/2b6qzX/3GxNW

Instagram
https://ecal.ai/f/2b6qzY/3GxNW

Manage my ECAL
https://ecal.ai/f/2b6qB2/3GxNW",,CONFIRMED,webcal://ics.ecal.com/ecal-sub/6a5a6a0a512bae000263f0a7/NWSL.ics,2026-07-17T18:47:06.516724+00:00
10bc91d978f935183b6eaea5,nsl,69a07669df1221000238015f,Soccer,Northern Super League,Calgary Wild FC vs. Ottawa Rapid FC,2026-08-15T20:00:00+00:00,2026-08-15T22:00:00+00:00,McMahon Stadium,"Tickets
https://ecal.ai/f/2ct7LK/3G6TR

Watch Live on CBC Sports
https://ecal.ai/f/2dc93X/3G6TR

Check out our YouTube channel
https://ecal.ai/f/2ct7LM/3G6TR

Shop
https://ecal.ai/f/2ct7LL/3G6TR

YouTube
https://ecal.ai/f/2ct7LM/3G6TR

Instagram
https://ecal.ai/f/2ct7LN/3G6TR

Linktree
https://ecal.ai/f/2ct7LP/3G6TR

Manage my ECAL
https://ecal.ai/f/2ct7LS/3G6TR",,CONFIRMED,https://ics.ecal.com/ecal-sub/6a57ce26dd9a8c00026e1b13/Northern%20Super%20League.ics,2026-07-17T18:47:06.277325+00:00
63d3a6a249a07c979c25ca50,NWSL,696912be54aa88c9f9280b4e,Soccer,National Women’s Soccer League,⚽️ Racing Louisville FC vs Boston Legacy FC,2026-08-15T22:30:00+00:00,2026-08-16T00:30:00+00:00,"Lynn Family Stadium, Louisville, Kentucky","NWSL | Matchday 17

Buy Tickets
https://ecal.ai/f/2b6qyR/3GxNW

US Fans stream live on ION
https://ecal.ai/f/2b79f6/3GxNW

Int'l Fans stream live on NWSL+
https://ecal.ai/f/2b79f7/3GxNW

Match Center
https://ecal.ai/f/2b6qyT/3GxNW

Standings
https://ecal.ai/f/2b6qyV/3GxNW

Stats
https://ecal.ai/f/2b6qyX/3GxNW

Instagram
https://ecal.ai/f/2b6qyY/3GxNW

Manage my ECAL
https://ecal.ai/f/2b6qz2/3GxNW",,CONFIRMED,webcal://ics.ecal.com/ecal-sub/6a5a6a0a512bae000263f0a7/NWSL.ics,2026-07-17T18:47:06.516724+00:00
4e797396b99aaa9fbb9fe66e,NWSL,696912be54aa8835084ece4b,Soccer,National Women’s Soccer League,⚽️ Portland Thorns FC vs Orlando Pride,2026-08-16T00:45:00+00:00,2026-08-16T02:45:00+00:00,"Providence Park, Portland, Oregon","NWSL | Matchday 17

Buy Tickets
https://ecal.ai/f/2b6qBG/3GxNW

US Fans stream live on ION
https://ecal.ai/f/2b79f8/3GxNW

Int'l Fans stream live on NWSL+
https://ecal.ai/f/2b79f9/3GxNW

Match Center
https://ecal.ai/f/2b6qBK/3GxNW

Standings
https://ecal.ai/f/2b6qBM/3GxNW

Shop
https://ecal.ai/f/2b6qBP/3GxNW

Instagram
https://ecal.ai/f/2b6qBS/3GxNW

Manage my ECAL
https://ecal.ai/f/2b6qBX/3GxNW",,CONFIRMED,webcal://ics.ecal.com/ecal-sub/6a5a6a0a512bae000263f0a7/NWSL.ics,2026-07-17T18:47:06.516724+00:00
ffff1488e0edac5ed2a3f37f,nsl,69a07669df12210002380160,Soccer,Northern Super League,Vancouver Rise FC vs. Halifax Tides FC,2026-08-16T01:30:00+00:00,2026-08-16T03:30:00+00:00,Swangard Stadium,"Tickets
https://ecal.ai/f/2ct7LT/3G6TR

Watch Live on TSN
https://ecal.ai/f/2ct7LV/3G6TR

Check out our YouTube channel
https://ecal.ai/f/2ct7LX/3G6TR

Shop
https://ecal.ai/f/2ct7LW/3G6TR

YouTube
https://ecal.ai/f/2ct7LX/3G6TR

Instagram
https://ecal.ai/f/2ct7LY/3G6TR

Linktree
https://ecal.ai/f/2ct7LZ/3G6TR

Manage my ECAL
https://ecal.ai/f/2ct7M3/3G6TR",,CONFIRMED,https://ics.ecal.com/ecal-sub/6a57ce26dd9a8c00026e1b13/Northern%20Super%20League.ics,2026-07-17T18:47:06.277325+00:00
186438502f5190f0b5727c47,nsl,69a07669df12210002380161,Soccer,Northern Super League,AFC Toronto vs. Montreal Roses FC,2026-08-16T19:00:00+00:00,2026-08-16T21:00:00+00:00,BMO Field,"Tickets
https://ecal.ai/f/2ct7Ly/3G6TR

Watch Live on TSN
https://ecal.ai/f/2ct7Lz/3G6TR

Check out our YouTube channel
https://ecal.ai/f/2ct7LC/3G6TR

Shop
https://ecal.ai/f/2ct7LB/3G6TR

YouTube
https://ecal.ai/f/2ct7LC/3G6TR

Instagram
https://ecal.ai/f/2ct7LD/3G6TR

Linktree
https://ecal.ai/f/2ct7LF/3G6TR

Manage my ECAL
https://ecal.ai/f/2ct7LJ/3G6TR",,CONFIRMED,https://ics.ecal.com/ecal-sub/6a57ce26dd9a8c00026e1b13/Northern%20Super%20League.ics,2026-07-17T18:47:06.277325+00:00
0e92aaf6872affbfb658057a,NWSL,696912be54aa8835084ece4c,Soccer,National Women’s Soccer League,⚽️ North Carolina Courage vs Houston Dash,2026-08-16T23:00:00+00:00,2026-08-17T01:00:00+00:00,"First Horizon Stadium at WakeMed Soccer Park, Cary, North Carolina","NWSL | Matchday 17

Buy Tickets
https://ecal.ai/f/2b6qBY/3GxNW

US Fans stream live on Victory+
https://ecal.ai/f/2b79ff/3GxNW

Int'l Fans stream live on NWSL+
https://ecal.ai/f/2b79fg/3GxNW

Match Center
https://ecal.ai/f/2b6qBZ/3GxNW

Standings
https://ecal.ai/f/2b6qC1/3GxNW

News
https://ecal.ai/f/2b6qC2/3GxNW

Instagram
https://ecal.ai/f/2b6qC3/3GxNW

Manage my ECAL
https://ecal.ai/f/2b6qCb/3GxNW",,CONFIRMED,webcal://ics.ecal.com/ecal-sub/6a5a6a0a512bae000263f0a7/NWSL.ics,2026-07-17T18:47:06.516724+00:00
3cb6970d796cbe7634632469,NWSL,696912be54aa8835084ece4d,Soccer,National Women’s Soccer League,⚽️ Angel City FC vs Washington Spirit,2026-08-17T01:00:00+00:00,2026-08-17T03:00:00+00:00,"BMO Stadium, Los Angeles, California","NWSL | Matchday 17

Buy Tickets
https://ecal.ai/f/2b6qCg/3GxNW

US Fans stream live on ESPN
https://ecal.ai/f/2b799L/3GxNW

US Fans stream live on ESPN Deportes
https://ecal.ai/f/2b799L/3GxNW

Int'l Fans stream live on NWSL+
https://ecal.ai/f/2b799M/3GxNW

Match Center
https://ecal.ai/f/2b6qCk/3GxNW

Standings
https://ecal.ai/f/2b6qCn/3GxNW

Stats
https://ecal.ai/f/2b6qCq/3GxNW

Instagram
https://ecal.ai/f/2b6qCv/3GxNW

Manage my ECAL
https://ecal.ai/f/2b6qCD/3GxNW",,CONFIRMED,webcal://ics.ecal.com/ecal-sub/6a5a6a0a512bae000263f0a7/NWSL.ics,2026-07-17T18:47:06.516724+00:00
ea2347d4bc750cca25a93976,NWSL,696912be54aa88c9f9280b4f,Soccer,National Women’s Soccer League,⚽️ Racing Louisville FC vs Seattle Reign FC,2026-08-19T22:30:00+00:00,2026-08-20T00:30:00+00:00,"Lynn Family Stadium, Louisville, Kentucky","NWSL | Matchday 18

Buy Tickets
https://ecal.ai/f/2b6qCZ/3GxNW

Stream live on NWSL+
https://ecal.ai/f/2b79fh/3GxNW

Match Center
https://ecal.ai/f/2b6qD2/3GxNW

Standings
https://ecal.ai/f/2b6qD4/3GxNW

Shop
https://ecal.ai/f/2b6qD6/3GxNW

Instagram
https://ecal.ai/f/2b6qD9/3GxNW

Manage my ECAL
https://ecal.ai/f/2b6qDg/3GxNW",,CONFIRMED,webcal://ics.ecal.com/ecal-sub/6a5a6a0a512bae000263f0a7/NWSL.ics,2026-07-17T18:47:06.516724+00:00
8f33721ebff6e081345c309a,NWSL,696912be54aa88c9f9280b50,Soccer,National Women’s Soccer League,⚽️ Houston Dash vs Chicago Stars FC,2026-08-20T00:00:00+00:00,2026-08-20T02:00:00+00:00,"Shell Energy Stadium, Houston, Texas","NWSL | Matchday 18

Buy Tickets
https://ecal.ai/f/2b6qDk/3GxNW

US Fans stream live on CBS Sports
https://ecal.ai/f/2b79fj/3GxNW

Int'l Fans stream live on NWSL+
https://ecal.ai/f/2b79fk/3GxNW

Match Center
https://ecal.ai/f/2b6qDn/3GxNW

Standings
https://ecal.ai/f/2b6qDq/3GxNW

News
https://ecal.ai/f/2b6qDs/3GxNW

Instagram
https://ecal.ai/f/2b6qDz/3GxNW

Manage my ECAL
https://ecal.ai/f/2b6qDH/3GxNW",,CONFIRMED,webcal://ics.ecal.com/ecal-sub/6a5a6a0a512bae000263f0a7/NWSL.ics,2026-07-17T18:47:06.516724+00:00
0805629fc143652a4bc8c42d,NWSL,696912be54aa88c9f9280b51,Soccer,National Women’s Soccer League,⚽️ San Diego Wave FC vs Utah Royals FC,2026-08-22T02:00:00+00:00,2026-08-22T04:00:00+00:00,"Snapdragon Stadium, San Diego, California","NWSL | Matchday 18

Buy Tickets
https://ecal.ai/f/2b6qDK/3GxNW

US Fans stream live on Prime Video
https://ecal.ai/f/2b79fl/3GxNW

Int'l Fans stream live on NWSL+
https://ecal.ai/f/2b79fm/3GxNW

Match Center
https://ecal.ai/f/2b6qDM/3GxNW

Standings
https://ecal.ai/f/2b6qDP/3GxNW

Stats
https://ecal.ai/f/2b6qDR/3GxNW

Instagram
https://ecal.ai/f/2b6qDT/3GxNW

Manage my ECAL
https://ecal.ai/f/2b6qF2/3GxNW",,CONFIRMED,webcal://ics.ecal.com/ecal-sub/6a5a6a0a512bae000263f0a7/NWSL.ics,2026-07-17T18:47:06.516724+00:00
f20aa19b7fdfa4d39f9cab53,NWSL,696912be54aa88c9f9280b52,Soccer,National Women’s Soccer League,⚽️ Kansas City Current vs Seattle Reign FC,2026-08-22T22:30:00+00:00,2026-08-23T00:30:00+00:00,"CPKC Stadium, Kansas City, Missouri","NWSL | Matchday 18

Buy Tickets
https://ecal.ai/f/2b6qF5/3GxNW

US Fans stream live on ION
https://ecal.ai/f/2b79fn/3GxNW

Int'l Fans stream live on NWSL+
https://ecal.ai/f/2b79fp/3GxNW

Match Center
https://ecal.ai/f/2b6qF7/3GxNW

Standings
https://ecal.ai/f/2b6qF9/3GxNW

Shop
https://ecal.ai/f/2b6qFc/3GxNW

Instagram
https://ecal.ai/f/2b6qFf/3GxNW

Manage my ECAL
https://ecal.ai/f/2b6qFl/3GxNW",,CONFIRMED,webcal://ics.ecal.com/ecal-sub/6a5a6a0a512bae000263f0a7/NWSL.ics,2026-07-17T18:47:06.516724+00:00
72e0a4eb3225b3f65421bfdc,nsl,69a07669df12210002380162,Soccer,Northern Super League,Ottawa Rapid FC vs. Vancouver Rise FC,2026-08-22T23:00:00+00:00,2026-08-23T01:00:00+00:00,TD Place,"Tickets
https://ecal.ai/f/2ct7Ld/3G6TR

Watch Live on TSN
https://ecal.ai/f/2ct7Lf/3G6TR

Check out our YouTube channel
https://ecal.ai/f/2ct7Lh/3G6TR

Shop
https://ecal.ai/f/2ct7Lg/3G6TR

YouTube
https://ecal.ai/f/2ct7Lh/3G6TR

Instagram
https://ecal.ai/f/2ct7Lj/3G6TR

Linktree
https://ecal.ai/f/2ct7Lk/3G6TR

Manage my ECAL
https://ecal.ai/f/2ct7Ln/3G6TR",,CONFIRMED,https://ics.ecal.com/ecal-sub/6a57ce26dd9a8c00026e1b13/Northern%20Super%20League.ics,2026-07-17T18:47:06.277325+00:00
0efeb126a5bc3990f53bdc2f,NWSL,696912be54aa88c9f9280b53,Soccer,National Women’s Soccer League,⚽️ North Carolina Courage vs Boston Legacy FC,2026-08-22T23:30:00+00:00,2026-08-23T01:30:00+00:00,"First Horizon Stadium at WakeMed Soccer Park, Cary, North Carolina","NWSL | Matchday 18

Buy Tickets
https://ecal.ai/f/2b6qFm/3GxNW

Stream live on NWSL+
https://ecal.ai/f/2b79fq/3GxNW

Match Center
https://ecal.ai/f/2b6qFn/3GxNW

Standings
https://ecal.ai/f/2b6qFq/3GxNW

News
https://ecal.ai/f/2b6qFr/3GxNW

Instagram
https://ecal.ai/f/2b6qFt/3GxNW

Manage my ECAL
https://ecal.ai/f/2b6qFz/3GxNW",,CONFIRMED,webcal://ics.ecal.com/ecal-sub/6a5a6a0a512bae000263f0a7/NWSL.ics,2026-07-17T18:47:06.516724+00:00
1a723fc81060fd5b74511c8a,NWSL,696912be54aa88c9f9280b54,Soccer,National Women’s Soccer League,⚽️ Portland Thorns FC vs Denver Summit FC,2026-08-23T00:45:00+00:00,2026-08-23T02:45:00+00:00,"Providence Park, Portland, Oregon","NWSL | Matchday 18

Buy Tickets
https://ecal.ai/f/2b6qFD/3GxNW

US Fans stream live on ION
https://ecal.ai/f/2b79fr/3GxNW

Int'l Fans stream live on NWSL+
https://ecal.ai/f/2b79fs/3GxNW

Match Center
https://ecal.ai/f/2b6qFF/3GxNW

Standings
https://ecal.ai/f/2b6qFG/3GxNW

Stats
https://ecal.ai/f/2b6qFH/3GxNW

Instagram
https://ecal.ai/f/2b6qFK/3GxNW

Manage my ECAL
https://ecal.ai/f/2b6qFQ/3GxNW",,CONFIRMED,webcal://ics.ecal.com/ecal-sub/6a5a6a0a512bae000263f0a7/NWSL.ics,2026-07-17T18:47:06.516724+00:00
47333c5751da4f78ce42dd7b,nsl,69a07669df12210002380163,Soccer,Northern Super League,Halifax Tides FC vs. AFC Toronto,2026-08-23T16:00:00+00:00,2026-08-23T18:00:00+00:00,Wanderers Grounds,"Tickets
https://ecal.ai/f/2ct7JS/3G6TR

Watch Live on TSN
https://ecal.ai/f/2ct7JT/3G6TR

Check out our YouTube channel
https://ecal.ai/f/2ct7JW/3G6TR

Shop
https://ecal.ai/f/2ct7JV/3G6TR

YouTube
https://ecal.ai/f/2ct7JW/3G6TR

Instagram
https://ecal.ai/f/2ct7JX/3G6TR

Linktree
https://ecal.ai/f/2ct7JY/3G6TR

Manage my ECAL
https://ecal.ai/f/2ct7K2/3G6TR",,CONFIRMED,https://ics.ecal.com/ecal-sub/6a57ce26dd9a8c00026e1b13/Northern%20Super%20League.ics,2026-07-17T18:47:06.277325+00:00
f8d38c8391878bda16d66f47,NWSL,696912be54aa88c9f9280b55,Soccer,National Women’s Soccer League,⚽️ Chicago Stars FC vs Racing Louisville FC,2026-08-23T18:00:00+00:00,2026-08-23T20:00:00+00:00,"Northwestern Medicine Field at Martin Stadium, Evanston, Illinois","NWSL | Matchday 18

Buy Tickets
https://ecal.ai/f/2b6qFR/3GxNW

US Fans stream live on CBS Sports
https://ecal.ai/f/2b79ft/3GxNW

Int'l Fans stream live on NWSL+
https://ecal.ai/f/2b79fv/3GxNW

Match Center
https://ecal.ai/f/2b6qFS/3GxNW

Standings
https://ecal.ai/f/2b6qFT/3GxNW

Shop
https://ecal.ai/f/2b6qFV/3GxNW

Instagram
https://ecal.ai/f/2b6qFW/3GxNW

Manage my ECAL
https://ecal.ai/f/2b6qFZ/3GxNW",,CONFIRMED,webcal://ics.ecal.com/ecal-sub/6a5a6a0a512bae000263f0a7/NWSL.ics,2026-07-17T18:47:06.516724+00:00
d5f742ea45c246e31ff283ba,nsl,69a07669df12210002380164,Soccer,Northern Super League,Montreal Roses FC vs. Calgary Wild FC,2026-08-23T19:00:00+00:00,2026-08-23T21:00:00+00:00,Stade Boréale,"Tickets
https://ecal.ai/f/2ct7Lp/3G6TR

Watch Live on CBC Sports
https://ecal.ai/f/2dc93W/3G6TR

Check out our YouTube channel
https://ecal.ai/f/2ct7Lr/3G6TR

Shop
https://ecal.ai/f/2ct7Lq/3G6TR

YouTube
https://ecal.ai/f/2ct7Lr/3G6TR

Instagram
https://ecal.ai/f/2ct7Ls/3G6TR

Linktree
https://ecal.ai/f/2ct7Lt/3G6TR

Manage my ECAL
https://ecal.ai/f/2ct7Lx/3G6TR",,CONFIRMED,https://ics.ecal.com/ecal-sub/6a57ce26dd9a8c00026e1b13/Northern%20Super%20League.ics,2026-07-17T18:47:06.277325+00:00
5ae915d9018d63d8ecefe9ce,NWSL,696912be54aa88c9f9280b56,Soccer,National Women’s Soccer League,⚽️ Washington Spirit vs Orlando Pride,2026-08-23T20:00:00+00:00,2026-08-23T22:00:00+00:00,"Audi Field, Washington, District of Columbia","NWSL | Matchday 18

Buy Tickets
https://ecal.ai/f/2b6qG1/3GxNW

US Fans stream live on ESPN2
https://ecal.ai/f/2b79fw/3GxNW

US Fans stream live on ESPN App
https://ecal.ai/f/2b79fw/3GxNW

Int'l Fans stream live on NWSL+
https://ecal.ai/f/2b79fx/3GxNW

Match Center
https://ecal.ai/f/2b6qG2/3GxNW

Standings
https://ecal.ai/f/2b6qG3/3GxNW

News
https://ecal.ai/f/2b6qG4/3GxNW

Instagram
https://ecal.ai/f/2b6qG5/3GxNW

Manage my ECAL
https://ecal.ai/f/2b6qG8/3GxNW",,CONFIRMED,webcal://ics.ecal.com/ecal-sub/6a5a6a0a512bae000263f0a7/NWSL.ics,2026-07-17T18:47:06.516724+00:00
f993d1269897af069dc8ee03,NWSL,696912be54aa88c9f9280b57,Soccer,National Women’s Soccer League,⚽️ Bay FC vs Houston Dash,2026-08-23T22:00:00+00:00,2026-08-24T00:00:00+00:00,"PayPal Park, San Jose, California","NWSL | Matchday 18

Buy Tickets
https://ecal.ai/f/2b6qG9/3GxNW

US Fans stream live on CBS Sports
https://ecal.ai/f/2b79fy/3GxNW

Int'l Fans stream live on NWSL+
https://ecal.ai/f/2b79fz/3GxNW

Match Center
https://ecal.ai/f/2b6qGb/3GxNW

Standings
https://ecal.ai/f/2b6qGc/3GxNW

Stats
https://ecal.ai/f/2b6qGd/3GxNW

Instagram
https://ecal.ai/f/2b6qGf/3GxNW

Manage my ECAL
https://ecal.ai/f/2b6qGj/3GxNW",,CONFIRMED,webcal://ics.ecal.com/ecal-sub/6a5a6a0a512bae000263f0a7/NWSL.ics,2026-07-17T18:47:06.516724+00:00
ae5ee588cfb899bcab91ecd5,NWSL,696912be54aa88c9f9280b58,Soccer,National Women’s Soccer League,⚽️ Angel City FC vs Gotham FC,2026-08-24T00:00:00+00:00,2026-08-24T02:00:00+00:00,"BMO Stadium, Los Angeles, California","NWSL | Matchday 18

Buy Tickets
https://ecal.ai/f/2b6qGk/3GxNW

US Fans stream live on Victory+
https://ecal.ai/f/2b79fB/3GxNW

Int'l Fans stream live on NWSL+
https://ecal.ai/f/2b79fC/3GxNW

Match Center
https://ecal.ai/f/2b6qGl/3GxNW

Standings
https://ecal.ai/f/2b6qGm/3GxNW

Shop
https://ecal.ai/f/2b6qGn/3GxNW

Instagram
https://ecal.ai/f/2b6qGp/3GxNW

Manage my ECAL
https://ecal.ai/f/2b6qGs/3GxNW",,CONFIRMED,webcal://ics.ecal.com/ecal-sub/6a5a6a0a512bae000263f0a7/NWSL.ics,2026-07-17T18:47:06.516724+00:00
3c87d9909cda9dc17306535c,NWSL,696912be54aa88c9f9280b59,Soccer,National Women’s Soccer League,⚽️ North Carolina Courage vs Angel City FC,2026-08-27T00:00:00+00:00,2026-08-27T02:00:00+00:00,"First Horizon Stadium at WakeMed Soccer Park, Cary, North Carolina","NWSL | Matchday 19

Buy Tickets
https://ecal.ai/f/2b6qGt/3GxNW

US Fans stream live on CBS Sports
https://ecal.ai/f/2b79fD/3GxNW

Int'l Fans stream live on NWSL+
https://ecal.ai/f/2b79fF/3GxNW

Match Center
https://ecal.ai/f/2b6qGv/3GxNW

Standings
https://ecal.ai/f/2b6qGw/3GxNW

News
https://ecal.ai/f/2b6qGx/3GxNW

Instagram
https://ecal.ai/f/2b6qGy/3GxNW

Manage my ECAL
https://ecal.ai/f/2b6qGC/3GxNW",,CONFIRMED,webcal://ics.ecal.com/ecal-sub/6a5a6a0a512bae000263f0a7/NWSL.ics,2026-07-17T18:47:06.516724+00:00
3ce3b25648a9b06aaab378e5,NWSL,696912be54aa88c9f9280b5a,Soccer,National Women’s Soccer League,⚽️ Gotham FC vs Portland Thorns FC,2026-08-29T00:00:00+00:00,2026-08-29T02:00:00+00:00,"Sports Illustrated Stadium, Harrison, New Jersey","NWSL | Matchday 19

Buy Tickets
https://ecal.ai/f/2b6qGD/3GxNW

US Fans stream live on Prime Video
https://ecal.ai/f/2b79fG/3GxNW

Int'l Fans stream live on NWSL+
https://ecal.ai/f/2b79fH/3GxNW

Match Center
https://ecal.ai/f/2b6qGF/3GxNW

Standings
https://ecal.ai/f/2b6qGH/3GxNW

Stats
https://ecal.ai/f/2b6qGK/3GxNW

Instagram
https://ecal.ai/f/2b6qGM/3GxNW

Manage my ECAL
https://ecal.ai/f/2b6qGQ/3GxNW",,CONFIRMED,webcal://ics.ecal.com/ecal-sub/6a5a6a0a512bae000263f0a7/NWSL.ics,2026-07-17T18:47:06.516724+00:00
5b28831c27b7f0ef3be775c1,NWSL,696912be54aa88c9f9280b5b,Soccer,National Women’s Soccer League,⚽️ San Diego Wave FC vs Racing Louisville FC,2026-08-29T02:00:00+00:00,2026-08-29T04:00:00+00:00,"Snapdragon Stadium, San Diego, California","NWSL | Matchday 19

Buy Tickets
https://ecal.ai/f/2b6qGV/3GxNW

US Fans stream live on Victory+
https://ecal.ai/f/2b79fJ/3GxNW

Int'l Fans stream live on NWSL+
https://ecal.ai/f/2b79fK/3GxNW

Match Center
https://ecal.ai/f/2b6qGY/3GxNW

Standings
https://ecal.ai/f/2b6qH2/3GxNW

Shop
https://ecal.ai/f/2b6qH4/3GxNW

Instagram
https://ecal.ai/f/2b6qH6/3GxNW

Manage my ECAL
https://ecal.ai/f/2b6qHf/3GxNW",,CONFIRMED,webcal://ics.ecal.com/ecal-sub/6a5a6a0a512bae000263f0a7/NWSL.ics,2026-07-17T18:47:06.516724+00:00
0adad0b99755658a3e61cce3,nsl,69a07669df12210002380165,Soccer,Northern Super League,Montreal Roses FC vs. Halifax Tides FC,2026-08-29T18:00:00+00:00,2026-08-29T20:00:00+00:00,Stade Boréale,"Tickets
https://ecal.ai/f/2ct7Jw/3G6TR

Watch Live on CBC Sports
https://ecal.ai/f/2ct7Jx/3G6TR

Check out our YouTube channel
https://ecal.ai/f/2ct7Jz/3G6TR

Shop
https://ecal.ai/f/2ct7Jy/3G6TR

YouTube
https://ecal.ai/f/2ct7Jz/3G6TR

Instagram
https://ecal.ai/f/2ct7JB/3G6TR

Linktree
https://ecal.ai/f/2ct7JC/3G6TR

Manage my ECAL
https://ecal.ai/f/2ct7JG/3G6TR",,CONFIRMED,https://ics.ecal.com/ecal-sub/6a57ce26dd9a8c00026e1b13/Northern%20Super%20League.ics,2026-07-17T18:47:06.277325+00:00
c336ab238c1fb89e3962c379,nsl,69a07669df12210002380166,Soccer,Northern Super League,Vancouver Rise FC vs. Calgary Wild FC,2026-08-29T22:00:00+00:00,2026-08-30T00:00:00+00:00,Swangard Stadium,"Tickets
https://ecal.ai/f/2ct7JH/3G6TR

Watch Live on TSN
https://ecal.ai/f/2ct7JJ/3G6TR

Check out our YouTube channel
https://ecal.ai/f/2ct7JL/3G6TR

Shop
https://ecal.ai/f/2ct7JK/3G6TR

YouTube
https://ecal.ai/f/2ct7JL/3G6TR

Instagram
https://ecal.ai/f/2ct7JM/3G6TR

Linktree
https://ecal.ai/f/2ct7JN/3G6TR

Manage my ECAL
https://ecal.ai/f/2ct7JR/3G6TR",,CONFIRMED,https://ics.ecal.com/ecal-sub/6a57ce26dd9a8c00026e1b13/Northern%20Super%20League.ics,2026-07-17T18:47:06.277325+00:00
67cb39b8b9a97766a4e61912,NWSL,696912be54aa88c9f9280b5c,Soccer,National Women’s Soccer League,⚽️ Kansas City Current vs North Carolina Courage,2026-08-29T22:30:00+00:00,2026-08-30T00:30:00+00:00,"CPKC Stadium, Kansas City, Missouri","NWSL | Matchday 19

Buy Tickets
https://ecal.ai/f/2b6qHh/3GxNW

US Fans stream live on ION
https://ecal.ai/f/2b79fL/3GxNW

Int'l Fans stream live on NWSL+
https://ecal.ai/f/2b79fM/3GxNW

Match Center
https://ecal.ai/f/2b6qHk/3GxNW

Standings
https://ecal.ai/f/2b6qHm/3GxNW

News
https://ecal.ai/f/2b6qHp/3GxNW

Instagram
https://ecal.ai/f/2b6qHr/3GxNW

Manage my ECAL
https://ecal.ai/f/2b6qHy/3GxNW",,CONFIRMED,webcal://ics.ecal.com/ecal-sub/6a5a6a0a512bae000263f0a7/NWSL.ics,2026-07-17T18:47:06.516724+00:00
d7fdfc4f4bda66275495c07c,NWSL,696912be54aa88c9f9280b5d,Soccer,National Women’s Soccer League,⚽️ Orlando Pride vs Utah Royals FC,2026-08-29T23:00:00+00:00,2026-08-30T01:00:00+00:00,"Inter&Co Stadium, Orlando, Florida","NWSL | Matchday 19

Buy Tickets
https://ecal.ai/f/2b6qHC/3GxNW

Stream live on NWSL+
https://ecal.ai/f/2b79fN/3GxNW

Match Center
https://ecal.ai/f/2b6qHF/3GxNW

Standings
https://ecal.ai/f/2b6qHG/3GxNW

Stats
https://ecal.ai/f/2b6qHJ/3GxNW

Instagram
https://ecal.ai/f/2b6qHL/3GxNW

Manage my ECAL
https://ecal.ai/f/2b6qHR/3GxNW",,CONFIRMED,webcal://ics.ecal.com/ecal-sub/6a5a6a0a512bae000263f0a7/NWSL.ics,2026-07-17T18:47:06.516724+00:00
bdfc8ca2ea62e9ef73cf7b3e,NWSL,696912be54aa88c9f9280b5e,Soccer,National Women’s Soccer League,⚽️ Denver Summit FC vs Chicago Stars FC,2026-08-30T00:45:00+00:00,2026-08-30T02:45:00+00:00,"Centennial Stadium, Centennial, Colorado","NWSL | Matchday 19

Buy Tickets
https://ecal.ai/f/2b6qHS/3GxNW

US Fans stream live on ION
https://ecal.ai/f/2b79fP/3GxNW

Int'l Fans stream live on NWSL+
https://ecal.ai/f/2b79fQ/3GxNW

Match Center
https://ecal.ai/f/2b6qHT/3GxNW

Standings
https://ecal.ai/f/2b6qHV/3GxNW

Shop
https://ecal.ai/f/2b6qHY/3GxNW

Instagram
https://ecal.ai/f/2b6qJ4/3GxNW

Manage my ECAL
https://ecal.ai/f/2b6qJ7/3GxNW",,CONFIRMED,webcal://ics.ecal.com/ecal-sub/6a5a6a0a512bae000263f0a7/NWSL.ics,2026-07-17T18:47:06.516724+00:00
87d0f778aedf931010d458f8,NWSL,696912be54aa88c9f9280b5f,Soccer,National Women’s Soccer League,⚽️ Washington Spirit vs Bay FC,2026-08-30T16:30:00+00:00,2026-08-30T18:30:00+00:00,"Audi Field, Washington, District of Columbia","NWSL | Matchday 19

Buy Tickets
https://ecal.ai/f/2b6qJ9/3GxNW

US Fans stream live on ESPN2
https://ecal.ai/f/2b79fR/3GxNW

US Fans stream live on ESPN Deportes
https://ecal.ai/f/2b79fR/3GxNW

Int'l Fans stream live on NWSL+
https://ecal.ai/f/2b79fS/3GxNW

Match Center
https://ecal.ai/f/2b6qJc/3GxNW

Standings
https://ecal.ai/f/2b6qJf/3GxNW

News
https://ecal.ai/f/2b6qJg/3GxNW

Instagram
https://ecal.ai/f/2b6qJh/3GxNW

Manage my ECAL
https://ecal.ai/f/2b6qJn/3GxNW",,CONFIRMED,webcal://ics.ecal.com/ecal-sub/6a5a6a0a512bae000263f0a7/NWSL.ics,2026-07-17T18:47:06.516724+00:00
163726fa864780f7241d5293,nsl,69a07669df12210002380167,Soccer,Northern Super League,AFC Toronto vs. Ottawa Rapid FC,2026-08-30T20:00:00+00:00,2026-08-30T22:00:00+00:00,BMO Field,"Tickets
https://ecal.ai/f/2ct7Jl/3G6TR

Watch Live on TSN
https://ecal.ai/f/2ct7Jm/3G6TR

Check out our YouTube channel
https://ecal.ai/f/2ct7Jp/3G6TR

Shop
https://ecal.ai/f/2ct7Jn/3G6TR

YouTube
https://ecal.ai/f/2ct7Jp/3G6TR

Instagram
https://ecal.ai/f/2ct7Jq/3G6TR

Linktree
https://ecal.ai/f/2ct7Jr/3G6TR

Manage my ECAL
https://ecal.ai/f/2ct7Jv/3G6TR",,CONFIRMED,https://ics.ecal.com/ecal-sub/6a57ce26dd9a8c00026e1b13/Northern%20Super%20League.ics,2026-07-17T18:47:06.277325+00:00
a9e50aac65e5c78b2851cabd,NWSL,696912be54aa88c9f9280b60,Soccer,National Women’s Soccer League,⚽️ Seattle Reign FC vs Houston Dash,2026-08-30T23:00:00+00:00,2026-08-31T01:00:00+00:00,"Seattle Stadium, Seattle, Washington","NWSL | Matchday 19

Buy Tickets
https://ecal.ai/f/2b6qJr/3GxNW

US Fans stream live on Victory+
https://ecal.ai/f/2b79fT/3GxNW

Int'l Fans stream live on NWSL+
https://ecal.ai/f/2b79fV/3GxNW

Match Center
https://ecal.ai/f/2b6qJs/3GxNW

Standings
https://ecal.ai/f/2b6qJw/3GxNW

Stats
https://ecal.ai/f/2b6qJB/3GxNW

Instagram
https://ecal.ai/f/2b6qJF/3GxNW

Manage my ECAL
https://ecal.ai/f/2b6qJX/3GxNW",,CONFIRMED,webcal://ics.ecal.com/ecal-sub/6a5a6a0a512bae000263f0a7/NWSL.ics,2026-07-17T18:47:06.516724+00:00
04447129f06464c4eabe28d3,NWSL,696912be54aa88c9f9280b61,Soccer,National Women’s Soccer League,⚽️ Boston Legacy FC vs Angel City FC,2026-09-01T00:00:00+00:00,2026-09-01T02:00:00+00:00,"Boston Stadium, Foxborough, Massachusetts","NWSL | Matchday 19

Buy Tickets
https://ecal.ai/f/2b6qK2/3GxNW

US Fans stream live on CBS Sports
https://ecal.ai/f/2b79fW/3GxNW

Int'l Fans stream live on NWSL+
https://ecal.ai/f/2b79fX/3GxNW

Match Center
https://ecal.ai/f/2b6qK6/3GxNW

Standings
https://ecal.ai/f/2b6qKb/3GxNW

Shop
https://ecal.ai/f/2b6qKg/3GxNW

Instagram
https://ecal.ai/f/2b6qKj/3GxNW

Manage my ECAL
https://ecal.ai/f/2b6qKq/3GxNW",,CONFIRMED,webcal://ics.ecal.com/ecal-sub/6a5a6a0a512bae000263f0a7/NWSL.ics,2026-07-17T18:47:06.516724+00:00
3eba407345680a8161bb4779,NWSL,696912be54aa88c9f9280b62,Soccer,National Women’s Soccer League,⚽️ Utah Royals FC vs Boston Legacy FC,2026-09-05T01:30:00+00:00,2026-09-05T03:30:00+00:00,"America First Field, Sandy, Utah","NWSL | Matchday 20

Buy Tickets
https://ecal.ai/f/2b6qKs/3GxNW

Stream live on NWSL+
https://ecal.ai/f/2b79fY/3GxNW

Match Center
https://ecal.ai/f/2b6qKw/3GxNW

Standings
https://ecal.ai/f/2b6qKy/3GxNW

News
https://ecal.ai/f/2b6qKB/3GxNW

Instagram
https://ecal.ai/f/2b6qKD/3GxNW

Manage my ECAL
https://ecal.ai/f/2b6qKL/3GxNW",,CONFIRMED,webcal://ics.ecal.com/ecal-sub/6a5a6a0a512bae000263f0a7/NWSL.ics,2026-07-17T18:47:06.516724+00:00
981f1f3f22e1a07ae84834c7,NWSL,696912be54aa88c9f9280b63,Soccer,National Women’s Soccer League,⚽️ Bay FC vs Kansas City Current,2026-09-05T02:00:00+00:00,2026-09-05T04:00:00+00:00,"PayPal Park, San Jose, California","NWSL | Matchday 20

Buy Tickets
https://ecal.ai/f/2b6qKM/3GxNW

US Fans stream live on Prime Video
https://ecal.ai/f/2b79fZ/3GxNW

Int'l Fans stream live on NWSL+
https://ecal.ai/f/2b79g1/3GxNW

Match Center
https://ecal.ai/f/2b6qKP/3GxNW

Standings
https://ecal.ai/f/2b6qKR/3GxNW

Stats
https://ecal.ai/f/2b6qKT/3GxNW

Instagram
https://ecal.ai/f/2b6qKX/3GxNW

Manage my ECAL
https://ecal.ai/f/2b6qL4/3GxNW",,CONFIRMED,webcal://ics.ecal.com/ecal-sub/6a5a6a0a512bae000263f0a7/NWSL.ics,2026-07-17T18:47:06.516724+00:00
ea2e66dbe9b34bbe03a66922,NWSL,696912be54aa88c9f9280b64,Soccer,National Women’s Soccer League,⚽️ Racing Louisville FC vs Angel City FC,2026-09-05T22:30:00+00:00,2026-09-06T00:30:00+00:00,"Lynn Family Stadium, Louisville, Kentucky","NWSL | Matchday 20

Buy Tickets
https://ecal.ai/f/2b6qL5/3GxNW

US Fans stream live on ION
https://ecal.ai/f/2b79g2/3GxNW

Int'l Fans stream live on NWSL+
https://ecal.ai/f/2b79g3/3GxNW

Match Center
https://ecal.ai/f/2b6qL6/3GxNW

Standings
https://ecal.ai/f/2b6qL7/3GxNW

Shop
https://ecal.ai/f/2b6qL8/3GxNW

Instagram
https://ecal.ai/f/2b6qL9/3GxNW

Manage my ECAL
https://ecal.ai/f/2b6qLf/3GxNW",,CONFIRMED,webcal://ics.ecal.com/ecal-sub/6a5a6a0a512bae000263f0a7/NWSL.ics,2026-07-17T18:47:06.516724+00:00
403f7bf8a8780aa30fb6ac19,nsl,69a07669df12210002380168,Soccer,Northern Super League,Vancouver Rise FC vs. Halifax Tides FC,2026-09-05T23:00:00+00:00,2026-09-06T01:00:00+00:00,Swangard Stadium,"Tickets
https://ecal.ai/f/2ct7Jb/3G6TR

Watch Live on CBC Sports
https://ecal.ai/f/2dc8KQ/3G6TR

Check out our YouTube channel
https://ecal.ai/f/2ct7Jd/3G6TR

Shop
https://ecal.ai/f/2ct7Jc/3G6TR

YouTube
https://ecal.ai/f/2ct7Jd/3G6TR

Instagram
https://ecal.ai/f/2ct7Jf/3G6TR

Linktree
https://ecal.ai/f/2ct7Jg/3G6TR

Manage my ECAL
https://ecal.ai/f/2ct7Jk/3G6TR",,CONFIRMED,https://ics.ecal.com/ecal-sub/6a57ce26dd9a8c00026e1b13/Northern%20Super%20League.ics,2026-07-17T18:47:06.277325+00:00
aacce24f7677e25bf51ca66c,nsl,69a07669df12210002380169,Soccer,Northern Super League,Ottawa Rapid FC vs. Montreal Roses FC,2026-09-06T16:00:00+00:00,2026-09-06T18:00:00+00:00,TD Place,"Tickets
https://ecal.ai/f/2ct7HQ/3G6TR

Watch Live on TSN
https://ecal.ai/f/2ct7HR/3G6TR

Check out our YouTube channel
https://ecal.ai/f/2ct7HT/3G6TR

Shop
https://ecal.ai/f/2ct7HS/3G6TR

YouTube
https://ecal.ai/f/2ct7HT/3G6TR

Instagram
https://ecal.ai/f/2ct7HV/3G6TR

Linktree
https://ecal.ai/f/2ct7HW/3G6TR

Manage my ECAL
https://ecal.ai/f/2ct7HZ/3G6TR",,CONFIRMED,https://ics.ecal.com/ecal-sub/6a57ce26dd9a8c00026e1b13/Northern%20Super%20League.ics,2026-07-17T18:47:06.277325+00:00
6dbcdd28338320a6b5bd50dd,NWSL,696912be54aa88c9f9280b65,Soccer,National Women’s Soccer League,⚽️ Denver Summit FC vs Gotham FC,2026-09-06T18:00:00+00:00,2026-09-06T20:00:00+00:00,"Centennial Stadium, Centennial, Colorado","NWSL | Matchday 20

Buy Tickets
https://ecal.ai/f/2b6qLh/3GxNW

US Fans stream live on CBS
https://ecal.ai/f/2b79g4/3GxNW

US Fans stream live on Paramount+
https://ecal.ai/f/2b79g5/3GxNW

Int'l Fans stream live on NWSL+
https://ecal.ai/f/2b79g6/3GxNW

Match Center
https://ecal.ai/f/2b6qLk/3GxNW

Standings
https://ecal.ai/f/2b6qLl/3GxNW

News
https://ecal.ai/f/2b6qLm/3GxNW

Instagram
https://ecal.ai/f/2b6qLn/3GxNW

Manage my ECAL
https://ecal.ai/f/2b6qLr/3GxNW",,CONFIRMED,webcal://ics.ecal.com/ecal-sub/6a5a6a0a512bae000263f0a7/NWSL.ics,2026-07-17T18:47:06.516724+00:00
fc4f008bd67143b50fcace03,nsl,69a07669df1221000238016a,Soccer,Northern Super League,AFC Toronto vs. Calgary Wild FC,2026-09-06T18:00:00+00:00,2026-09-06T20:00:00+00:00,BMO Field,"Tickets
https://ecal.ai/f/2ct7J1/3G6TR

Watch Live on CBC Sports
https://ecal.ai/f/2ct7J2/3G6TR

Check out our YouTube channel
https://ecal.ai/f/2ct7J4/3G6TR

Shop
https://ecal.ai/f/2ct7J3/3G6TR

YouTube
https://ecal.ai/f/2ct7J4/3G6TR

Instagram
https://ecal.ai/f/2ct7J5/3G6TR

Linktree
https://ecal.ai/f/2ct7J6/3G6TR

Manage my ECAL
https://ecal.ai/f/2ct7J9/3G6TR",,CONFIRMED,https://ics.ecal.com/ecal-sub/6a57ce26dd9a8c00026e1b13/Northern%20Super%20League.ics,2026-07-17T18:47:06.277325+00:00
f148e07bdf4f74f59d91a552,NWSL,696912be54aa8835084ece4e,Soccer,National Women’s Soccer League,⚽️ Chicago Stars FC vs North Carolina Courage,2026-09-06T20:00:00+00:00,2026-09-06T22:00:00+00:00,"Northwestern Medicine Field at Martin Stadium, Evanston, Illinois","NWSL | Matchday 20

Buy Tickets
https://ecal.ai/f/2b6qCH/3GxNW

US Fans stream live on CBS Sports
https://ecal.ai/f/2b79g7/3GxNW

Int'l Fans stream live on NWSL+
https://ecal.ai/f/2b79g8/3GxNW

Match Center
https://ecal.ai/f/2b6qCJ/3GxNW

Standings
https://ecal.ai/f/2b6qCL/3GxNW

Stats
https://ecal.ai/f/2b6qCM/3GxNW

Instagram
https://ecal.ai/f/2b6qCQ/3GxNW

Manage my ECAL
https://ecal.ai/f/2b6qCW/3GxNW",,CONFIRMED,webcal://ics.ecal.com/ecal-sub/6a5a6a0a512bae000263f0a7/NWSL.ics,2026-07-17T18:47:06.516724+00:00
a11403dd709bca2051f07448,NWSL,696912be54aa8835084ece4f,Soccer,National Women’s Soccer League,⚽️ Portland Thorns FC vs Washington Spirit,2026-09-06T20:00:00+00:00,2026-09-06T22:00:00+00:00,"Providence Park, Portland, Oregon","NWSL | Matchday 20

Buy Tickets
https://ecal.ai/f/2b6qLs/3GxNW

US Fans stream live on CBS
https://ecal.ai/f/2b79g9/3GxNW

US Fans stream live on Paramount+
https://ecal.ai/f/2b79gb/3GxNW

Int'l Fans stream live on NWSL+
https://ecal.ai/f/2b79gc/3GxNW

Match Center
https://ecal.ai/f/2b6qLt/3GxNW

Standings
https://ecal.ai/f/2b6qLw/3GxNW

Shop
https://ecal.ai/f/2b6qLy/3GxNW

Instagram
https://ecal.ai/f/2b6qLC/3GxNW

Manage my ECAL
https://ecal.ai/f/2b6qLJ/3GxNW",,CONFIRMED,webcal://ics.ecal.com/ecal-sub/6a5a6a0a512bae000263f0a7/NWSL.ics,2026-07-17T18:47:06.516724+00:00
51ae070e4f7a98eb2a35541d,NWSL,696912be54aa8835084ece50,Soccer,National Women’s Soccer League,⚽️ Orlando Pride vs Houston Dash,2026-09-06T23:00:00+00:00,2026-09-07T01:00:00+00:00,"Inter&Co Stadium, Orlando, Florida","NWSL | Matchday 20

Buy Tickets
https://ecal.ai/f/2b6qLK/3GxNW

US Fans stream live on Victory+
https://ecal.ai/f/2b79gd/3GxNW

Int'l Fans stream live on NWSL+
https://ecal.ai/f/2b79gf/3GxNW

Match Center
https://ecal.ai/f/2b6qLM/3GxNW

Standings
https://ecal.ai/f/2b6qLN/3GxNW

News
https://ecal.ai/f/2b6qLR/3GxNW

Instagram
https://ecal.ai/f/2b6qLV/3GxNW

Manage my ECAL
https://ecal.ai/f/2b6qLZ/3GxNW",,CONFIRMED,webcal://ics.ecal.com/ecal-sub/6a5a6a0a512bae000263f0a7/NWSL.ics,2026-07-17T18:47:06.516724+00:00
0096040d5e817262fe87fc7f,NWSL,696912be54aa8835084ece51,Soccer,National Women’s Soccer League,⚽️ Seattle Reign FC vs San Diego Wave FC,2026-09-07T01:00:00+00:00,2026-09-07T03:00:00+00:00,"Seattle Stadium, Seattle, Washington","NWSL | Matchday 20

Buy Tickets
https://ecal.ai/f/2b6qM1/3GxNW

US Fans stream live on ESPN2
https://ecal.ai/f/2b79gg/3GxNW

US Fans stream live on ESPN App
https://ecal.ai/f/2b79gg/3GxNW

Int'l Fans stream live on NWSL+
https://ecal.ai/f/2b79gh/3GxNW

Match Center
https://ecal.ai/f/2b6qM2/3GxNW

Standings
https://ecal.ai/f/2b6qM3/3GxNW

Stats
https://ecal.ai/f/2b6qM4/3GxNW

Instagram
https://ecal.ai/f/2b6qM5/3GxNW

Manage my ECAL
https://ecal.ai/f/2b6qMc/3GxNW",,CONFIRMED,webcal://ics.ecal.com/ecal-sub/6a5a6a0a512bae000263f0a7/NWSL.ics,2026-07-17T18:47:06.516724+00:00
42b9c9693a2ea56b485c0340,nsl,69a07669df1221000238016b,Soccer,Northern Super League,Montreal Roses FC vs. AFC Toronto,2026-09-10T23:00:00+00:00,2026-09-11T01:00:00+00:00,Stade Boréale,"Tickets
https://ecal.ai/f/2ct7HG/3G6TR

Watch Live on TSN
https://ecal.ai/f/2dc8KN/3G6TR

Check out our YouTube channel
https://ecal.ai/f/2ct7HJ/3G6TR

Shop
https://ecal.ai/f/2ct7HH/3G6TR

YouTube
https://ecal.ai/f/2ct7HJ/3G6TR

Instagram
https://ecal.ai/f/2ct7HK/3G6TR

Linktree
https://ecal.ai/f/2ct7HL/3G6TR

Manage my ECAL
https://ecal.ai/f/2ct7HP/3G6TR",,CONFIRMED,https://ics.ecal.com/ecal-sub/6a57ce26dd9a8c00026e1b13/Northern%20Super%20League.ics,2026-07-17T18:47:06.277325+00:00
7e5837b3b1714975a8bdfd97,NWSL,696912be54aa8835084ece52,Soccer,National Women’s Soccer League,⚽️ Racing Louisville FC vs Gotham FC,2026-09-11T22:30:00+00:00,2026-09-12T00:30:00+00:00,"Lynn Family Stadium, Louisville, Kentucky","NWSL | Matchday 21

Buy Tickets
https://ecal.ai/f/2b6qMf/3GxNW

Stream live on NWSL+
https://ecal.ai/f/2b79gj/3GxNW

Match Center
https://ecal.ai/f/2b6qMh/3GxNW

Standings
https://ecal.ai/f/2b6qMj/3GxNW

Shop
https://ecal.ai/f/2b6qMk/3GxNW

Instagram
https://ecal.ai/f/2b6qMm/3GxNW

Manage my ECAL
https://ecal.ai/f/2b6qMq/3GxNW",,CONFIRMED,webcal://ics.ecal.com/ecal-sub/6a5a6a0a512bae000263f0a7/NWSL.ics,2026-07-17T18:47:06.516724+00:00
8b59d9aa058f56c7a74bd1be,NWSL,696912be54aa8835084ece53,Soccer,National Women’s Soccer League,⚽️ Kansas City Current vs Orlando Pride,2026-09-12T00:00:00+00:00,2026-09-12T02:00:00+00:00,"CPKC Stadium, Kansas City, Missouri","NWSL | Matchday 21

Buy Tickets
https://ecal.ai/f/2b6qMr/3GxNW

US Fans stream live on Prime Video
https://ecal.ai/f/2b79gk/3GxNW

Int'l Fans stream live on NWSL+
https://ecal.ai/f/2b79gl/3GxNW

Match Center
https://ecal.ai/f/2b6qMt/3GxNW

Standings
https://ecal.ai/f/2b6qMv/3GxNW

News
https://ecal.ai/f/2b6qMw/3GxNW

Instagram
https://ecal.ai/f/2b6qMy/3GxNW

Manage my ECAL
https://ecal.ai/f/2b6qMC/3GxNW",,CONFIRMED,webcal://ics.ecal.com/ecal-sub/6a5a6a0a512bae000263f0a7/NWSL.ics,2026-07-17T18:47:06.516724+00:00
4ffa5b96817febcb3b30d075,NWSL,696a78c354aa8839111c38cf,Soccer,National Women’s Soccer League,⚽️ Angel City FC vs Denver Summit FC,2026-09-12T02:00:00+00:00,2026-09-12T04:00:00+00:00,"BMO Stadium, Los Angeles, California","NWSL | Matchday 21

Buy Tickets
https://ecal.ai/f/2b7HyP/3GxNW

US Fans stream live on Victory+
https://ecal.ai/f/2b7HyQ/3GxNW

Int'l Fans stream live on NWSL+
https://ecal.ai/f/2b7HyR/3GxNW

Match Center
https://ecal.ai/f/2b7HyS/3GxNW

Standings
https://ecal.ai/f/2b7HyT/3GxNW

Stats
https://ecal.ai/f/2cjMnY/3GxNW

Instagram
https://ecal.ai/f/2b7HyW/3GxNW

Manage my ECAL
https://ecal.ai/f/2b7HyZ/3GxNW",,CONFIRMED,webcal://ics.ecal.com/ecal-sub/6a5a6a0a512bae000263f0a7/NWSL.ics,2026-07-17T18:47:06.516724+00:00
9eaad51e08c1543d4ef3a52c,nsl,69a07669df1221000238016c,Soccer,Northern Super League,Calgary Wild FC vs. Halifax Tides FC,2026-09-12T18:00:00+00:00,2026-09-12T20:00:00+00:00,McMahon Stadium,"Tickets
https://ecal.ai/f/2ct7Hv/3G6TR

Watch Live on TSN
https://ecal.ai/f/2ct7Hw/3G6TR

Check out our YouTube channel
https://ecal.ai/f/2ct7Hy/3G6TR

Shop
https://ecal.ai/f/2ct7Hx/3G6TR

YouTube
https://ecal.ai/f/2ct7Hy/3G6TR

Instagram
https://ecal.ai/f/2ct7Hz/3G6TR

Linktree
https://ecal.ai/f/2ct7HB/3G6TR

Manage my ECAL
https://ecal.ai/f/2ct7HF/3G6TR",,CONFIRMED,https://ics.ecal.com/ecal-sub/6a57ce26dd9a8c00026e1b13/Northern%20Super%20League.ics,2026-07-17T18:47:06.277325+00:00
b4d2eab2fdba4f421fc06543,NWSL,696a78c354aa8839111c38d0,Soccer,National Women’s Soccer League,⚽️ San Diego Wave FC vs North Carolina Courage,2026-09-12T22:30:00+00:00,2026-09-13T00:30:00+00:00,"Snapdragon Stadium, San Diego, California","NWSL | Matchday 21

Buy Tickets
https://ecal.ai/f/2b7Hz1/3GxNW

US Fans stream live on ION
https://ecal.ai/f/2b7Hz2/3GxNW

Int'l Fans stream live on NWSL+
https://ecal.ai/f/2b7Hz3/3GxNW

Match Center
https://ecal.ai/f/2b7Hz4/3GxNW

Standings
https://ecal.ai/f/2b7Hz5/3GxNW

Shop
https://ecal.ai/f/2cjMnZ/3GxNW

Instagram
https://ecal.ai/f/2b7Hz7/3GxNW

Manage my ECAL
https://ecal.ai/f/2b7Hzb/3GxNW",,CONFIRMED,webcal://ics.ecal.com/ecal-sub/6a5a6a0a512bae000263f0a7/NWSL.ics,2026-07-17T18:47:06.516724+00:00
d0a1c6e806c6fad06d626982,NWSL,696a78c354aa8802985158d3,Soccer,National Women’s Soccer League,⚽️ Seattle Reign FC vs Bay FC,2026-09-13T00:00:00+00:00,2026-09-13T02:00:00+00:00,"Seattle Stadium, Seattle, Washington","NWSL | Matchday 21

Buy Tickets
https://ecal.ai/f/2b7HyD/3GxNW

Stream live on NWSL+
https://ecal.ai/f/2b7HyF/3GxNW

Match Center
https://ecal.ai/f/2b7HyG/3GxNW

Standings
https://ecal.ai/f/2b7HyH/3GxNW

News
https://ecal.ai/f/2cjMp1/3GxNW

Instagram
https://ecal.ai/f/2b7HyK/3GxNW

Manage my ECAL
https://ecal.ai/f/2b7HyN/3GxNW",,CONFIRMED,webcal://ics.ecal.com/ecal-sub/6a5a6a0a512bae000263f0a7/NWSL.ics,2026-07-17T18:47:06.516724+00:00
ad2b338a2a5761fe393cb576,NWSL,696a78c354aa8839111c38d1,Soccer,National Women’s Soccer League,⚽️ Houston Dash vs Utah Royals FC,2026-09-13T00:45:00+00:00,2026-09-13T02:45:00+00:00,"Shell Energy Stadium, Houston, Texas","NWSL | Matchday 21

Buy Tickets
https://ecal.ai/f/2b7Hzc/3GxNW

US Fans stream live on ION
https://ecal.ai/f/2b7XjG/3GxNW

Int'l Fans stream live on NWSL+
https://ecal.ai/f/2b7Hzd/3GxNW

Match Center
https://ecal.ai/f/2b7Hzf/3GxNW

Standings
https://ecal.ai/f/2b7Hzg/3GxNW

Stats
https://ecal.ai/f/2b7Hzh/3GxNW

Instagram
https://ecal.ai/f/2b7Hzj/3GxNW

Manage my ECAL
https://ecal.ai/f/2b7Hzm/3GxNW",,CONFIRMED,webcal://ics.ecal.com/ecal-sub/6a5a6a0a512bae000263f0a7/NWSL.ics,2026-07-17T18:47:06.516724+00:00
014404dec37810ab26103178,NWSL,696a78c354aa8839111c38d2,Soccer,National Women’s Soccer League,⚽️ Washington Spirit vs Boston Legacy FC,2026-09-13T17:00:00+00:00,2026-09-13T19:00:00+00:00,"Audi Field, Washington, District of Columbia","NWSL | Matchday 21

Buy Tickets
https://ecal.ai/f/2b7Hzn/3GxNW

US Fans stream live on ESPN
https://ecal.ai/f/2b7Hzp/3GxNW

US Fans stream live on ESPN App
https://ecal.ai/f/2b7Hzp/3GxNW

Int'l Fans stream live on NWSL+
https://ecal.ai/f/2b7Hzq/3GxNW

Match Center
https://ecal.ai/f/2b7Hzr/3GxNW

Standings
https://ecal.ai/f/2b7Hzs/3GxNW

Shop
https://ecal.ai/f/2b7Hzt/3GxNW

Instagram
https://ecal.ai/f/2b7Hzv/3GxNW

Manage my ECAL
https://ecal.ai/f/2b7Hzy/3GxNW",,CONFIRMED,webcal://ics.ecal.com/ecal-sub/6a5a6a0a512bae000263f0a7/NWSL.ics,2026-07-17T18:47:06.516724+00:00
f9c12416aa2a9e9c4f9921f5,nsl,69a07669df1221000238016d,Soccer,Northern Super League,Vancouver Rise FC vs. Ottawa Rapid FC,2026-09-13T20:00:00+00:00,2026-09-13T22:00:00+00:00,Swangard Stadium,"Tickets
https://ecal.ai/f/2ct7Hk/3G6TR

Watch Live on CBC Sports
https://ecal.ai/f/2ct7Hl/3G6TR

Check out our YouTube channel
https://ecal.ai/f/2ct7Hn/3G6TR

Shop
https://ecal.ai/f/2ct7Hm/3G6TR

YouTube
https://ecal.ai/f/2ct7Hn/3G6TR

Instagram
https://ecal.ai/f/2ct7Hp/3G6TR

Linktree
https://ecal.ai/f/2ct7Hq/3G6TR

Manage my ECAL
https://ecal.ai/f/2ct7Ht/3G6TR",,CONFIRMED,https://ics.ecal.com/ecal-sub/6a57ce26dd9a8c00026e1b13/Northern%20Super%20League.ics,2026-07-17T18:47:06.277325+00:00
e5c109f49729e6eac3ee6549,NWSL,696a78c354aa8839111c38d3,Soccer,National Women’s Soccer League,⚽️ Portland Thorns FC vs Chicago Stars FC,2026-09-13T23:00:00+00:00,2026-09-14T01:00:00+00:00,"Providence Park, Portland, Oregon","NWSL | Matchday 21

Buy Tickets
https://ecal.ai/f/2b7HzB/3GxNW

US Fans stream live on Victory+
https://ecal.ai/f/2b7XjH/3GxNW

Int'l Fans stream live on NWSL+
https://ecal.ai/f/2b7HzD/3GxNW

Match Center
https://ecal.ai/f/2b7HzG/3GxNW

Standings
https://ecal.ai/f/2b7HzH/3GxNW

News
https://ecal.ai/f/2b7HzJ/3GxNW

Instagram
https://ecal.ai/f/2b7HzK/3GxNW

Manage my ECAL
https://ecal.ai/f/2b7HzN/3GxNW",,CONFIRMED,webcal://ics.ecal.com/ecal-sub/6a5a6a0a512bae000263f0a7/NWSL.ics,2026-07-17T18:47:06.516724+00:00
7da61ef04442e1020c4ae8ab,NWSL,696a78c354aa8839111c38d4,Soccer,National Women’s Soccer League,⚽️ Denver Summit FC vs Bay FC,2026-09-17T01:30:00+00:00,2026-09-17T03:30:00+00:00,"Centennial Stadium, Centennial, Colorado","NWSL | Matchday 22

Buy Tickets
https://ecal.ai/f/2b7HzP/3GxNW

US Fans stream live on Victory+
https://ecal.ai/f/2b7XjJ/3GxNW

Int'l Fans stream live on NWSL+
https://ecal.ai/f/2b7HzQ/3GxNW

Match Center
https://ecal.ai/f/2b7HzR/3GxNW

Standings
https://ecal.ai/f/2b7HzS/3GxNW

Stats
https://ecal.ai/f/2b7HzT/3GxNW

Instagram
https://ecal.ai/f/2b7HzV/3GxNW

Manage my ECAL
https://ecal.ai/f/2b7HzY/3GxNW",,CONFIRMED,webcal://ics.ecal.com/ecal-sub/6a5a6a0a512bae000263f0a7/NWSL.ics,2026-07-17T18:47:06.516724+00:00
7365f9638f3d909a61fab866,NWSL,696a78c354aa8839111c38d5,Soccer,National Women’s Soccer League,⚽️ Angel City FC vs Seattle Reign FC,2026-09-17T02:00:00+00:00,2026-09-17T04:00:00+00:00,"BMO Stadium, Los Angeles, California","NWSL | Matchday 22

Buy Tickets
https://ecal.ai/f/2b7HB2/3GxNW

US Fans stream live on Victory+
https://ecal.ai/f/2b7XjK/3GxNW

Int'l Fans stream live on NWSL+
https://ecal.ai/f/2b7HB4/3GxNW

Match Center
https://ecal.ai/f/2b7HB5/3GxNW

Standings
https://ecal.ai/f/2b7HB6/3GxNW

Shop
https://ecal.ai/f/2b7HB7/3GxNW

Instagram
https://ecal.ai/f/2b7HB8/3GxNW

Manage my ECAL
https://ecal.ai/f/2b7HBc/3GxNW",,CONFIRMED,webcal://ics.ecal.com/ecal-sub/6a5a6a0a512bae000263f0a7/NWSL.ics,2026-07-17T18:47:06.516724+00:00
dd9b37a8a857ce0a4a85e015,NWSL,696a78c354aa8839111c38d6,Soccer,National Women’s Soccer League,⚽️ San Diego Wave FC vs Kansas City Current,2026-09-19T02:00:00+00:00,2026-09-19T04:00:00+00:00,"Snapdragon Stadium, San Diego, California","NWSL | Matchday 22

Buy Tickets
https://ecal.ai/f/2b7HBd/3GxNW

US Fans stream live on Prime Video
https://ecal.ai/f/2b7XjL/3GxNW

Int'l Fans stream live on NWSL+
https://ecal.ai/f/2b7HBf/3GxNW

Match Center
https://ecal.ai/f/2b7HBg/3GxNW

Standings
https://ecal.ai/f/2b7HBh/3GxNW

News
https://ecal.ai/f/2b7HBj/3GxNW

Instagram
https://ecal.ai/f/2b7HBk/3GxNW

Manage my ECAL
https://ecal.ai/f/2b7HBn/3GxNW",,CONFIRMED,webcal://ics.ecal.com/ecal-sub/6a5a6a0a512bae000263f0a7/NWSL.ics,2026-07-17T18:47:06.516724+00:00
e1457b7141f325fbf833e524,nsl,69a07669df1221000238016e,Soccer,Northern Super League,Halifax Tides FC vs. AFC Toronto,2026-09-19T18:00:00+00:00,2026-09-19T20:00:00+00:00,Wanderers Grounds,"Tickets
https://ecal.ai/f/2ct7GY/3G6TR

Watch Live on CBC Sports
https://ecal.ai/f/2ct7GZ/3G6TR

Check out our YouTube channel
https://ecal.ai/f/2ct7H2/3G6TR

Shop
https://ecal.ai/f/2ct7H1/3G6TR

YouTube
https://ecal.ai/f/2ct7H2/3G6TR

Instagram
https://ecal.ai/f/2ct7H3/3G6TR

Linktree
https://ecal.ai/f/2ct7H4/3G6TR

Manage my ECAL
https://ecal.ai/f/2ct7H7/3G6TR",,CONFIRMED,https://ics.ecal.com/ecal-sub/6a57ce26dd9a8c00026e1b13/Northern%20Super%20League.ics,2026-07-17T18:47:06.277325+00:00
a8a407676ddef5189cadf153,NWSL,696a78c354aa8839111c38d7,Soccer,National Women’s Soccer League,⚽️ Orlando Pride vs Portland Thorns FC,2026-09-19T20:00:00+00:00,2026-09-19T22:00:00+00:00,"Inter&Co Stadium, Orlando, Florida","NWSL | Matchday 22

Buy Tickets
https://ecal.ai/f/2b7HBp/3GxNW

US Fans stream live on ION
https://ecal.ai/f/2b7XjM/3GxNW

Int'l Fans stream live on NWSL+
https://ecal.ai/f/2b7HBq/3GxNW

Match Center
https://ecal.ai/f/2b7HBr/3GxNW

Standings
https://ecal.ai/f/2b7HBs/3GxNW

Stats
https://ecal.ai/f/2b7HBt/3GxNW

Instagram
https://ecal.ai/f/2b7HBv/3GxNW

Manage my ECAL
https://ecal.ai/f/2b7HBy/3GxNW",,CONFIRMED,webcal://ics.ecal.com/ecal-sub/6a5a6a0a512bae000263f0a7/NWSL.ics,2026-07-17T18:47:06.516724+00:00
47fced08327b9160f1118abf,nsl,69a07669df1221000238016f,Soccer,Northern Super League,Vancouver Rise FC vs. Montreal Roses FC,2026-09-19T21:00:00+00:00,2026-09-19T23:00:00+00:00,Swangard Stadium,"Tickets
https://ecal.ai/f/2ct7H8/3G6TR

Watch Live on TSN
https://ecal.ai/f/2ct7H9/3G6TR

Check out our YouTube channel
https://ecal.ai/f/2ct7Hc/3G6TR

Shop
https://ecal.ai/f/2ct7Hb/3G6TR

YouTube
https://ecal.ai/f/2ct7Hc/3G6TR

Instagram
https://ecal.ai/f/2ct7Hd/3G6TR

Linktree
https://ecal.ai/f/2ct7Hf/3G6TR

Manage my ECAL
https://ecal.ai/f/2ct7Hj/3G6TR",,CONFIRMED,https://ics.ecal.com/ecal-sub/6a57ce26dd9a8c00026e1b13/Northern%20Super%20League.ics,2026-07-17T18:47:06.277325+00:00
5ea050b1e057398f0ec9c60c,NWSL,696a78c354aa8839111c38d8,Soccer,National Women’s Soccer League,⚽️ North Carolina Courage vs Gotham FC,2026-09-19T22:30:00+00:00,2026-09-20T00:30:00+00:00,"First Horizon Stadium at WakeMed Soccer Park, Cary, North Carolina","NWSL | Matchday 22

Buy Tickets
https://ecal.ai/f/2b7HBz/3GxNW

US Fans stream live on ION
https://ecal.ai/f/2b7XjN/3GxNW

Int'l Fans stream live on NWSL+
https://ecal.ai/f/2b7HBB/3GxNW

Match Center
https://ecal.ai/f/2b7HBC/3GxNW

Standings
https://ecal.ai/f/2b7HBD/3GxNW

Shop
https://ecal.ai/f/2b7HBF/3GxNW

Instagram
https://ecal.ai/f/2b7HBG/3GxNW

Manage my ECAL
https://ecal.ai/f/2b7HBK/3GxNW",,CONFIRMED,webcal://ics.ecal.com/ecal-sub/6a5a6a0a512bae000263f0a7/NWSL.ics,2026-07-17T18:47:06.516724+00:00
28d5b6b949c4d80a8bb26b18,NWSL,696a78c354aa8839111c38d9,Soccer,National Women’s Soccer League,⚽️ Denver Summit FC vs Seattle Reign FC,2026-09-20T00:45:00+00:00,2026-09-20T02:45:00+00:00,"Centennial Stadium, Centennial, Colorado","NWSL | Matchday 22

Buy Tickets
https://ecal.ai/f/2b7HBL/3GxNW

US Fans stream live on ION
https://ecal.ai/f/2b7XjP/3GxNW

Int'l Fans stream live on NWSL+
https://ecal.ai/f/2b7HBM/3GxNW

Match Center
https://ecal.ai/f/2b7HBN/3GxNW

Standings
https://ecal.ai/f/2b7HBP/3GxNW

News
https://ecal.ai/f/2b7HBQ/3GxNW

Instagram
https://ecal.ai/f/2b7HBR/3GxNW

Manage my ECAL
https://ecal.ai/f/2b7HBV/3GxNW",,CONFIRMED,webcal://ics.ecal.com/ecal-sub/6a5a6a0a512bae000263f0a7/NWSL.ics,2026-07-17T18:47:06.516724+00:00
db11da1f0cfb18117cf622e8,NWSL,696a78c354aa8839111c38da,Soccer,National Women’s Soccer League,⚽️ Boston Legacy FC vs Houston Dash,2026-09-20T18:00:00+00:00,2026-09-20T20:00:00+00:00,"Centreville Bank Stadium, Pawtucket, Rhode Island","NWSL | Matchday 22

Buy Tickets
https://ecal.ai/f/2b7HBW/3GxNW

US Fans stream live on CBS Sports
https://ecal.ai/f/2b7XjQ/3GxNW

Int'l Fans stream live on NWSL+
https://ecal.ai/f/2b7HBX/3GxNW

Match Center
https://ecal.ai/f/2b7HBY/3GxNW

Standings
https://ecal.ai/f/2b7HBZ/3GxNW

Stats
https://ecal.ai/f/2b7HC1/3GxNW

Instagram
https://ecal.ai/f/2b7HC2/3GxNW

Manage my ECAL
https://ecal.ai/f/2b7HC5/3GxNW",,CONFIRMED,webcal://ics.ecal.com/ecal-sub/6a5a6a0a512bae000263f0a7/NWSL.ics,2026-07-17T18:47:06.516724+00:00
329624734a08545ccee95ff3,NWSL,696a78c354aa8839111c38db,Soccer,National Women’s Soccer League,⚽️ Chicago Stars FC vs Washington Spirit,2026-09-20T21:00:00+00:00,2026-09-20T23:00:00+00:00,"Northwestern Medicine Field at Martin Stadium, Evanston, Illinois","NWSL | Matchday 22

Buy Tickets
https://ecal.ai/f/2b7HC6/3GxNW

US Fans stream live on ESPN
https://ecal.ai/f/2b7Xk7/3GxNW

US Fans stream live on ESPN Deportes
https://ecal.ai/f/2b7Xk7/3GxNW

Int'l Fans stream live on NWSL+
https://ecal.ai/f/2b7HC7/3GxNW

Match Center
https://ecal.ai/f/2b7HC8/3GxNW

Standings
https://ecal.ai/f/2b7HC9/3GxNW

Shop
https://ecal.ai/f/2b7HCb/3GxNW

Instagram
https://ecal.ai/f/2b7HCc/3GxNW

Manage my ECAL
https://ecal.ai/f/2b7HCg/3GxNW",,CONFIRMED,webcal://ics.ecal.com/ecal-sub/6a5a6a0a512bae000263f0a7/NWSL.ics,2026-07-17T18:47:06.516724+00:00
39242b117eb02e976f0e07b9,NWSL,696a78c354aa8802985158d4,Soccer,National Women’s Soccer League,⚽️ Bay FC vs Racing Louisville FC,2026-09-20T23:00:00+00:00,2026-09-21T01:00:00+00:00,"PayPal Park, San Jose, California","NWSL | Matchday 22

Buy Tickets
https://ecal.ai/f/2b7HCt/3GxNW

US Fans stream live on Victory+
https://ecal.ai/f/2b7HCv/3GxNW

Int'l Fans stream live on NWSL+
https://ecal.ai/f/2b7HCw/3GxNW

Match Center
https://ecal.ai/f/2b7HCx/3GxNW

Standings
https://ecal.ai/f/2b7HCy/3GxNW

News
https://ecal.ai/f/2bbMVD/3GxNW

Instagram
https://ecal.ai/f/2b7HCB/3GxNW

Manage my ECAL
https://ecal.ai/f/2b7HCF/3GxNW",,CONFIRMED,webcal://ics.ecal.com/ecal-sub/6a5a6a0a512bae000263f0a7/NWSL.ics,2026-07-17T18:47:06.516724+00:00
c52ded6f3eae1132aa76de5e,NWSL,696a78c354aa8839111c38dc,Soccer,National Women’s Soccer League,⚽️ Utah Royals FC vs Angel City FC,2026-09-20T23:00:00+00:00,2026-09-21T01:00:00+00:00,"America First Field, Sandy, Utah","NWSL | Matchday 22

Buy Tickets
https://ecal.ai/f/2b7HCh/3GxNW

US Fans stream live on Victory+
https://ecal.ai/f/2b7HCj/3GxNW

Int'l Fans stream live on NWSL+
https://ecal.ai/f/2b7HCk/3GxNW

Match Center
https://ecal.ai/f/2b7HCl/3GxNW

Standings
https://ecal.ai/f/2b7HCm/3GxNW

Stats
https://ecal.ai/f/2bbMVF/3GxNW

Instagram
https://ecal.ai/f/2b7HCp/3GxNW

Manage my ECAL
https://ecal.ai/f/2b7HCs/3GxNW",,CONFIRMED,webcal://ics.ecal.com/ecal-sub/6a5a6a0a512bae000263f0a7/NWSL.ics,2026-07-17T18:47:06.516724+00:00
5a1272d014d607369063f7ce,nsl,69a07669df12210002380170,Soccer,Northern Super League,Ottawa Rapid FC vs. Calgary Wild FC,2026-09-20T23:00:00+00:00,2026-09-21T01:00:00+00:00,TD Place,"Tickets
https://ecal.ai/f/2ct7GN/3G6TR

Watch Live on TSN
https://ecal.ai/f/2ct7GP/3G6TR

Check out our YouTube channel
https://ecal.ai/f/2ct7GR/3G6TR

Shop
https://ecal.ai/f/2ct7GQ/3G6TR

YouTube
https://ecal.ai/f/2ct7GR/3G6TR

Instagram
https://ecal.ai/f/2ct7GS/3G6TR

Linktree
https://ecal.ai/f/2ct7GT/3G6TR

Manage my ECAL
https://ecal.ai/f/2ct7GX/3G6TR",,CONFIRMED,https://ics.ecal.com/ecal-sub/6a57ce26dd9a8c00026e1b13/Northern%20Super%20League.ics,2026-07-17T18:47:06.277325+00:00
2155a994112f8d305948a0de,NWSL,696a78c354aa8802985158d5,Soccer,National Women’s Soccer League,⚽️ Racing Louisville FC vs San Diego Wave FC,2026-09-25T22:30:00+00:00,2026-09-26T00:30:00+00:00,"Lynn Family Stadium, Louisville, Kentucky","NWSL | Matchday 23

Buy Tickets
https://ecal.ai/f/2b7HCG/3GxNW

Stream live on NWSL+
https://ecal.ai/f/2b7HCH/3GxNW

Match Center
https://ecal.ai/f/2b7HCJ/3GxNW

Standings
https://ecal.ai/f/2b7HCK/3GxNW

Shop
https://ecal.ai/f/2b7HCL/3GxNW

Instagram
https://ecal.ai/f/2b7HCM/3GxNW

Manage my ECAL
https://ecal.ai/f/2b7HCQ/3GxNW",,CONFIRMED,webcal://ics.ecal.com/ecal-sub/6a5a6a0a512bae000263f0a7/NWSL.ics,2026-07-17T18:47:06.516724+00:00
b1950450c71cfb119dc45e7e,NWSL,696a78c354aa8839111c38dd,Soccer,National Women’s Soccer League,⚽️ Gotham FC vs Chicago Stars FC,2026-09-26T00:00:00+00:00,2026-09-26T02:00:00+00:00,"Sports Illustrated Stadium, Harrison, New Jersey","NWSL | Matchday 23

Buy Tickets
https://ecal.ai/f/2b7HCR/3GxNW

US Fans stream live on Prime Video
https://ecal.ai/f/2b7Xjt/3GxNW

Int'l Fans stream live on NWSL+
https://ecal.ai/f/2b7HCS/3GxNW

Match Center
https://ecal.ai/f/2b7HCT/3GxNW

Standings
https://ecal.ai/f/2b7HCV/3GxNW

News
https://ecal.ai/f/2b7HCW/3GxNW

Instagram
https://ecal.ai/f/2b7HCX/3GxNW

Manage my ECAL
https://ecal.ai/f/2b7HD1/3GxNW",,CONFIRMED,webcal://ics.ecal.com/ecal-sub/6a5a6a0a512bae000263f0a7/NWSL.ics,2026-07-17T18:47:06.516724+00:00
b0e59b81c39fb632b9ec2fc3,NWSL,696a78c354aa8839111c38de,Soccer,National Women’s Soccer League,⚽️ Seattle Reign FC vs Boston Legacy FC,2026-09-26T00:30:00+00:00,2026-09-26T02:30:00+00:00,"Seattle Stadium, Seattle, Washington","NWSL | Matchday 23

Buy Tickets
https://ecal.ai/f/2b7HD2/3GxNW

Stream live on NWSL+
https://ecal.ai/f/2b7HD3/3GxNW

Match Center
https://ecal.ai/f/2b7HD4/3GxNW

Standings
https://ecal.ai/f/2b7HD5/3GxNW

Stats
https://ecal.ai/f/2b7HD6/3GxNW

Instagram
https://ecal.ai/f/2b7HD7/3GxNW

Manage my ECAL
https://ecal.ai/f/2b7HDb/3GxNW",,CONFIRMED,webcal://ics.ecal.com/ecal-sub/6a5a6a0a512bae000263f0a7/NWSL.ics,2026-07-17T18:47:06.516724+00:00
b512e98fafacddaf6d9bdb7b,NWSL,696a78c354aa8839111c38df,Soccer,National Women’s Soccer League,⚽️ Kansas City Current vs Denver Summit FC,2026-09-26T16:30:00+00:00,2026-09-26T18:30:00+00:00,"CPKC Stadium, Kansas City, Missouri","NWSL | Matchday 23

Buy Tickets
https://ecal.ai/f/2b7HDc/3GxNW

US Fans stream live on CBS
https://ecal.ai/f/2b7HDd/3GxNW

US Fans stream live on Paramount+
https://ecal.ai/f/2b7HDf/3GxNW

Int'l Fans stream live on NWSL+
https://ecal.ai/f/2b7HDg/3GxNW

Match Center
https://ecal.ai/f/2b7HDh/3GxNW

Standings
https://ecal.ai/f/2b7HDj/3GxNW

Shop
https://ecal.ai/f/2b7HDk/3GxNW

Instagram
https://ecal.ai/f/2b7HDl/3GxNW

Manage my ECAL
https://ecal.ai/f/2b7HDp/3GxNW",,CONFIRMED,webcal://ics.ecal.com/ecal-sub/6a5a6a0a512bae000263f0a7/NWSL.ics,2026-07-17T18:47:06.516724+00:00
d4b307bd238087880349522b,nsl,69a07669df12210002380171,Soccer,Northern Super League,AFC Toronto vs. Ottawa Rapid FC,2026-09-26T18:00:00+00:00,2026-09-26T20:00:00+00:00,York Lions Stadium,"Tickets
https://ecal.ai/f/2ct7GC/3G6TR

Watch Live on CBC Sports
https://ecal.ai/f/2ct7GD/3G6TR

Check out our YouTube channel
https://ecal.ai/f/2ct7GG/3G6TR

Shop
https://ecal.ai/f/2ct7GF/3G6TR

YouTube
https://ecal.ai/f/2ct7GG/3G6TR

Instagram
https://ecal.ai/f/2ct7GH/3G6TR

Linktree
https://ecal.ai/f/2ct7GJ/3G6TR

Manage my ECAL
https://ecal.ai/f/2ct7GM/3G6TR",,CONFIRMED,https://ics.ecal.com/ecal-sub/6a57ce26dd9a8c00026e1b13/Northern%20Super%20League.ics,2026-07-17T18:47:06.277325+00:00
c2a82db05c86858838c3dab7,NWSL,696a78c354aa8802985158d6,Soccer,National Women’s Soccer League,⚽️ Washington Spirit vs Angel City FC,2026-09-26T22:30:00+00:00,2026-09-27T00:30:00+00:00,"Audi Field, Washington, District of Columbia","NWSL | Matchday 23

Buy Tickets
https://ecal.ai/f/2b7HDq/3GxNW

US Fans stream live on ION
https://ecal.ai/f/2b7Xjv/3GxNW

Int'l Fans stream live on NWSL+
https://ecal.ai/f/2b7HDr/3GxNW

Match Center
https://ecal.ai/f/2b7HDs/3GxNW

Standings
https://ecal.ai/f/2b7HDt/3GxNW

News
https://ecal.ai/f/2b7HDv/3GxNW

Instagram
https://ecal.ai/f/2b7HDw/3GxNW

Manage my ECAL
https://ecal.ai/f/2b7HDz/3GxNW",,CONFIRMED,webcal://ics.ecal.com/ecal-sub/6a5a6a0a512bae000263f0a7/NWSL.ics,2026-07-17T18:47:06.516724+00:00
60bac54194135e45cdbdd837,NWSL,696a78c354aa8839111c38e0,Soccer,National Women’s Soccer League,⚽️ Portland Thorns FC vs Houston Dash,2026-09-27T00:45:00+00:00,2026-09-27T02:45:00+00:00,"Providence Park, Portland, Oregon","NWSL | Matchday 23

Buy Tickets
https://ecal.ai/f/2b7HDB/3GxNW

US Fans stream live on ION
https://ecal.ai/f/2b7HDC/3GxNW

Int'l Fans stream live on NWSL+
https://ecal.ai/f/2b7HDD/3GxNW

Match Center
https://ecal.ai/f/2b7HDF/3GxNW

Standings
https://ecal.ai/f/2b7HDG/3GxNW

Stats
https://ecal.ai/f/2b7HDH/3GxNW

Instagram
https://ecal.ai/f/2b7HDJ/3GxNW

Manage my ECAL
https://ecal.ai/f/2b7HDM/3GxNW",,CONFIRMED,webcal://ics.ecal.com/ecal-sub/6a5a6a0a512bae000263f0a7/NWSL.ics,2026-07-17T18:47:06.516724+00:00
a1498fc676af5343c9e9adb3,nsl,69a07669df12210002380172,Soccer,Northern Super League,Halifax Tides FC vs. Montreal Roses FC,2026-09-27T16:00:00+00:00,2026-09-27T18:00:00+00:00,Wanderers Grounds,"Tickets
https://ecal.ai/f/2ct7Gj/3G6TR

Watch Live on CBC Sports
https://ecal.ai/f/2dc94M/3G6TR

Check out our YouTube channel
https://ecal.ai/f/2ct7Gl/3G6TR

Shop
https://ecal.ai/f/2ct7Gk/3G6TR

YouTube
https://ecal.ai/f/2ct7Gl/3G6TR

Instagram
https://ecal.ai/f/2ct7Gm/3G6TR

Linktree
https://ecal.ai/f/2ct7Gn/3G6TR

Manage my ECAL
https://ecal.ai/f/2ct7Gr/3G6TR",,CONFIRMED,https://ics.ecal.com/ecal-sub/6a57ce26dd9a8c00026e1b13/Northern%20Super%20League.ics,2026-07-17T18:47:06.277325+00:00
f7fa7f424f974a4c3080dd7d,nsl,69a07669df12210002380173,Soccer,Northern Super League,Calgary Wild FC vs. Vancouver Rise FC,2026-09-27T20:00:00+00:00,2026-09-27T22:00:00+00:00,McMahon Stadium,"Tickets
https://ecal.ai/f/2ct7Gs/3G6TR

Watch Live on TSN
https://ecal.ai/f/2dc94N/3G6TR

Check out our YouTube channel
https://ecal.ai/f/2ct7Gv/3G6TR

Shop
https://ecal.ai/f/2ct7Gt/3G6TR

YouTube
https://ecal.ai/f/2ct7Gv/3G6TR

Instagram
https://ecal.ai/f/2ct7Gw/3G6TR

Linktree
https://ecal.ai/f/2ct7Gx/3G6TR

Manage my ECAL
https://ecal.ai/f/2ct7GB/3G6TR",,CONFIRMED,https://ics.ecal.com/ecal-sub/6a57ce26dd9a8c00026e1b13/Northern%20Super%20League.ics,2026-07-17T18:47:06.277325+00:00
a7c7a526a08e013affc9664d,NWSL,696a78c354aa8839111c38e1,Soccer,National Women’s Soccer League,⚽️ Bay FC vs Orlando Pride,2026-09-27T21:00:00+00:00,2026-09-27T23:00:00+00:00,"PayPal Park, San Jose, California","NWSL | Matchday 23

Buy Tickets
https://ecal.ai/f/2b7HDN/3GxNW

US Fans stream live on ESPN
https://ecal.ai/f/2b7HDP/3GxNW

US Fans stream live on ESPN App
https://ecal.ai/f/2b7HDP/3GxNW

Int'l Fans stream live on NWSL+
https://ecal.ai/f/2b7HDQ/3GxNW

Match Center
https://ecal.ai/f/2b7HDR/3GxNW

Standings
https://ecal.ai/f/2b7HDS/3GxNW

Shop
https://ecal.ai/f/2b7HDT/3GxNW

Instagram
https://ecal.ai/f/2b7HDV/3GxNW

Manage my ECAL
https://ecal.ai/f/2b7HDY/3GxNW",,CONFIRMED,webcal://ics.ecal.com/ecal-sub/6a5a6a0a512bae000263f0a7/NWSL.ics,2026-07-17T18:47:06.516724+00:00
327a42054b9266001ebb14ea,NWSL,696a78c354aa8839111c38e2,Soccer,National Women’s Soccer League,⚽️ Utah Royals FC vs North Carolina Courage,2026-09-27T23:00:00+00:00,2026-09-28T01:00:00+00:00,"America First Field, Sandy, Utah","NWSL | Matchday 23

Buy Tickets
https://ecal.ai/f/2b7HDZ/3GxNW

US Fans stream live on Victory+
https://ecal.ai/f/2b7XjR/3GxNW

Int'l Fans stream live on NWSL+
https://ecal.ai/f/2b7HF1/3GxNW

Match Center
https://ecal.ai/f/2b7HF2/3GxNW

Standings
https://ecal.ai/f/2b7HF3/3GxNW

News
https://ecal.ai/f/2b7HF4/3GxNW

Instagram
https://ecal.ai/f/2b7HF5/3GxNW

Manage my ECAL
https://ecal.ai/f/2b7HF8/3GxNW",,CONFIRMED,webcal://ics.ecal.com/ecal-sub/6a5a6a0a512bae000263f0a7/NWSL.ics,2026-07-17T18:47:06.516724+00:00
b66a1a915fb89086ac9aa7af,nsl,69a07669df12210002380174,Soccer,Northern Super League,Montreal Roses FC vs. Ottawa Rapid FC,2026-10-02T23:00:00+00:00,2026-10-03T01:00:00+00:00,Stade Boréale,"Tickets
https://ecal.ai/f/2ct7G8/3G6TR

Watch Live on TSN
https://ecal.ai/f/2dc8KP/3G6TR

Check out our YouTube channel
https://ecal.ai/f/2ct7Gb/3G6TR

Shop
https://ecal.ai/f/2ct7G9/3G6TR

YouTube
https://ecal.ai/f/2ct7Gb/3G6TR

Instagram
https://ecal.ai/f/2ct7Gc/3G6TR

Linktree
https://ecal.ai/f/2ct7Gd/3G6TR

Manage my ECAL
https://ecal.ai/f/2ct7Gh/3G6TR",,CONFIRMED,https://ics.ecal.com/ecal-sub/6a57ce26dd9a8c00026e1b13/Northern%20Super%20League.ics,2026-07-17T18:47:06.277325+00:00
ee1297e8033d66debdc5dd6d,NWSL,696a78c354aa8839111c38e3,Soccer,National Women’s Soccer League,⚽️ Orlando Pride vs San Diego Wave FC,2026-10-03T00:00:00+00:00,2026-10-03T02:00:00+00:00,"Inter&Co Stadium, Orlando, Florida","NWSL | Matchday 24

Buy Tickets
https://ecal.ai/f/2b7HF9/3GxNW

US Fans stream live on Prime Video
https://ecal.ai/f/2b7HFb/3GxNW

Int'l Fans stream live on NWSL+
https://ecal.ai/f/2b7HFc/3GxNW

Match Center
https://ecal.ai/f/2b7HFd/3GxNW

Standings
https://ecal.ai/f/2b7HFf/3GxNW

Stats
https://ecal.ai/f/2b7HFg/3GxNW

Instagram
https://ecal.ai/f/2b7HFh/3GxNW

Manage my ECAL
https://ecal.ai/f/2b7HFl/3GxNW",,CONFIRMED,webcal://ics.ecal.com/ecal-sub/6a5a6a0a512bae000263f0a7/NWSL.ics,2026-07-17T18:47:06.516724+00:00
f5b4ce854d35a6acf925b4c9,NWSL,696a78c354aa8802985158d7,Soccer,National Women’s Soccer League,⚽️ Seattle Reign FC vs North Carolina Courage,2026-10-03T02:00:00+00:00,2026-10-03T04:00:00+00:00,"Seattle Stadium, Seattle, Washington","NWSL | Matchday 24

Buy Tickets
https://ecal.ai/f/2b7HFy/3GxNW

US Fans stream live on Victory+
https://ecal.ai/f/2b7XjT/3GxNW

Int'l Fans stream live on NWSL+
https://ecal.ai/f/2b7HFz/3GxNW

Match Center
https://ecal.ai/f/2b7HFB/3GxNW

Standings
https://ecal.ai/f/2b7HFC/3GxNW

Shop
https://ecal.ai/f/2b7HFD/3GxNW

Instagram
https://ecal.ai/f/2b7HFF/3GxNW

Manage my ECAL
https://ecal.ai/f/2b7HFJ/3GxNW",,CONFIRMED,webcal://ics.ecal.com/ecal-sub/6a5a6a0a512bae000263f0a7/NWSL.ics,2026-07-17T18:47:06.516724+00:00
76061569e87be332171bcaf9,nsl,69a07669df12210002380175,Soccer,Northern Super League,Halifax Tides FC vs. Calgary Wild FC,2026-10-03T18:00:00+00:00,2026-10-03T20:00:00+00:00,Wanderers Grounds,"Tickets
https://ecal.ai/f/2ct7FY/3G6TR

Watch Live on CBC Sports
https://ecal.ai/f/2ct7FZ/3G6TR

Check out our YouTube channel
https://ecal.ai/f/2ct7G2/3G6TR

Shop
https://ecal.ai/f/2ct7G1/3G6TR

YouTube
https://ecal.ai/f/2ct7G2/3G6TR

Instagram
https://ecal.ai/f/2ct7G3/3G6TR

Linktree
https://ecal.ai/f/2ct7G4/3G6TR

Manage my ECAL
https://ecal.ai/f/2ct7G7/3G6TR",,CONFIRMED,https://ics.ecal.com/ecal-sub/6a57ce26dd9a8c00026e1b13/Northern%20Super%20League.ics,2026-07-17T18:47:06.277325+00:00
b6d4c09e8d9c3bba10cd2f34,NWSL,696a78c354aa8839111c38e4,Soccer,National Women’s Soccer League,⚽️ Racing Louisville FC vs Utah Royals FC,2026-10-03T20:00:00+00:00,2026-10-03T22:00:00+00:00,"Lynn Family Stadium, Louisville, Kentucky","NWSL | Matchday 24

Buy Tickets
https://ecal.ai/f/2b7HFm/3GxNW

US Fans stream live on ION
https://ecal.ai/f/2b7HFn/3GxNW

Int'l Fans stream live on NWSL+
https://ecal.ai/f/2b7HFp/3GxNW

Match Center
https://ecal.ai/f/2b7HFq/3GxNW

Standings
https://ecal.ai/f/2b7HFr/3GxNW

News
https://ecal.ai/f/2b7HFs/3GxNW

Instagram
https://ecal.ai/f/2b7HFt/3GxNW

Manage my ECAL
https://ecal.ai/f/2b7HFx/3GxNW",,CONFIRMED,webcal://ics.ecal.com/ecal-sub/6a5a6a0a512bae000263f0a7/NWSL.ics,2026-07-17T18:47:06.516724+00:00
7cc32246789826e72d0b6159,NWSL,696a78c354aa8802985158d8,Soccer,National Women’s Soccer League,⚽️ Kansas City Current vs Bay FC,2026-10-03T22:30:00+00:00,2026-10-04T00:30:00+00:00,"CPKC Stadium, Kansas City, Missouri","NWSL | Matchday 24

Buy Tickets
https://ecal.ai/f/2b7HFK/3GxNW

US Fans stream live on ION
https://ecal.ai/f/2b7XjS/3GxNW

Int'l Fans stream live on NWSL+
https://ecal.ai/f/2b7HFL/3GxNW

Match Center
https://ecal.ai/f/2b7HFM/3GxNW

Standings
https://ecal.ai/f/2b7HFN/3GxNW

Stats
https://ecal.ai/f/2b7HFQ/3GxNW

Instagram
https://ecal.ai/f/2b7HFT/3GxNW

Manage my ECAL
https://ecal.ai/f/2b7HFX/3GxNW",,CONFIRMED,webcal://ics.ecal.com/ecal-sub/6a5a6a0a512bae000263f0a7/NWSL.ics,2026-07-17T18:47:06.516724+00:00
a29b25e8ba813c097b7d7a6c,NWSL,696a78c354aa8802985158d9,Soccer,National Women’s Soccer League,⚽️ Portland Thorns FC vs Boston Legacy FC,2026-10-04T00:45:00+00:00,2026-10-04T02:45:00+00:00,"Providence Park, Portland, Oregon","NWSL | Matchday 24

Buy Tickets
https://ecal.ai/f/2b7HFY/3GxNW

US Fans stream live on ION
https://ecal.ai/f/2b7XjV/3GxNW

Int'l Fans stream live on NWSL+
https://ecal.ai/f/2b7HFZ/3GxNW

Match Center
https://ecal.ai/f/2b7HG1/3GxNW

Standings
https://ecal.ai/f/2b7HG2/3GxNW

Shop
https://ecal.ai/f/2b7HG3/3GxNW

Instagram
https://ecal.ai/f/2b7HG4/3GxNW

Manage my ECAL
https://ecal.ai/f/2b7HG7/3GxNW",,CONFIRMED,webcal://ics.ecal.com/ecal-sub/6a5a6a0a512bae000263f0a7/NWSL.ics,2026-07-17T18:47:06.516724+00:00
66641dbe3f41c46e1b3ca962,NWSL,696a78c354aa8839111c38e5,Soccer,National Women’s Soccer League,⚽️ Gotham FC vs Angel City FC,2026-10-04T16:00:00+00:00,2026-10-04T18:00:00+00:00,"Sports Illustrated Stadium, Harrison, New Jersey","NWSL | Matchday 24

Buy Tickets
https://ecal.ai/f/2b7HG8/3GxNW

US Fans stream live on ABC
https://ecal.ai/f/2b7Xjw/3GxNW

US Fans stream live on ESPN App
https://ecal.ai/f/2b7Xjw/3GxNW

Int'l Fans stream live on NWSL+
https://ecal.ai/f/2b7HG9/3GxNW

Match Center
https://ecal.ai/f/2b7HGb/3GxNW

Standings
https://ecal.ai/f/2b7HGc/3GxNW

News
https://ecal.ai/f/2b7HGd/3GxNW

Instagram
https://ecal.ai/f/2b7HGf/3GxNW

Manage my ECAL
https://ecal.ai/f/2b7HGj/3GxNW",,CONFIRMED,webcal://ics.ecal.com/ecal-sub/6a5a6a0a512bae000263f0a7/NWSL.ics,2026-07-17T18:47:06.516724+00:00
ae3736ee4afc91f676a2ee3c,nsl,69a07669df12210002380176,Soccer,Northern Super League,AFC Toronto vs. Vancouver Rise FC,2026-10-04T17:00:00+00:00,2026-10-04T19:00:00+00:00,York Lions Stadium,"Tickets
https://ecal.ai/f/2ct7FK/3G6TR

Watch Live on TSN
https://ecal.ai/f/2ct7FL/3G6TR

Check out our YouTube channel
https://ecal.ai/f/2ct7FQ/3G6TR

Shop
https://ecal.ai/f/2ct7FN/3G6TR

YouTube
https://ecal.ai/f/2ct7FQ/3G6TR

Instagram
https://ecal.ai/f/2ct7FS/3G6TR

Linktree
https://ecal.ai/f/2ct7FT/3G6TR

Manage my ECAL
https://ecal.ai/f/2ct7FX/3G6TR",,CONFIRMED,https://ics.ecal.com/ecal-sub/6a57ce26dd9a8c00026e1b13/Northern%20Super%20League.ics,2026-07-17T18:47:06.277325+00:00
c900c3532e237cf2efd1c54f,NWSL,696a78c354aa8839111c38e6,Soccer,National Women’s Soccer League,⚽️ Chicago Stars FC vs Denver Summit FC,2026-10-04T20:00:00+00:00,2026-10-04T22:00:00+00:00,"Northwestern Medicine Field at Martin Stadium, Evanston, Illinois","NWSL | Matchday 24

Buy Tickets
https://ecal.ai/f/2b7HGv/3GxNW

US Fans stream live on CBS Sports
https://ecal.ai/f/2b7XjW/3GxNW

Int'l Fans stream live on NWSL+
https://ecal.ai/f/2b7HGw/3GxNW

Match Center
https://ecal.ai/f/2b7HGx/3GxNW

Standings
https://ecal.ai/f/2b7HGy/3GxNW

Stats
https://ecal.ai/f/2b7HGz/3GxNW

Instagram
https://ecal.ai/f/2b7HGB/3GxNW

Manage my ECAL
https://ecal.ai/f/2b7HGF/3GxNW",,CONFIRMED,webcal://ics.ecal.com/ecal-sub/6a5a6a0a512bae000263f0a7/NWSL.ics,2026-07-17T18:47:06.516724+00:00
4840f893f55d30ad28f52b9d,NWSL,696a78c354aa8839111c38e7,Soccer,National Women’s Soccer League,⚽️ Houston Dash vs Washington Spirit,2026-10-04T23:00:00+00:00,2026-10-05T01:00:00+00:00,"Shell Energy Stadium, Houston, Texas","NWSL | Matchday 24

Buy Tickets
https://ecal.ai/f/2b7HGG/3GxNW

US Fans stream live on Victory+
https://ecal.ai/f/2b7HGH/3GxNW

Int'l Fans stream live on NWSL+
https://ecal.ai/f/2b7HGJ/3GxNW

Match Center
https://ecal.ai/f/2b7HGK/3GxNW

Standings
https://ecal.ai/f/2b7HGL/3GxNW

Shop
https://ecal.ai/f/2b7HGM/3GxNW

Instagram
https://ecal.ai/f/2b7HGN/3GxNW

Manage my ECAL
https://ecal.ai/f/2b7HGR/3GxNW",,CONFIRMED,webcal://ics.ecal.com/ecal-sub/6a5a6a0a512bae000263f0a7/NWSL.ics,2026-07-17T18:47:06.516724+00:00
0496e5d0f7bb1d9a8e507c00,NWSL,696a78c354aa8802985158da,Soccer,National Women’s Soccer League,⚽️ Boston Legacy FC vs Racing Louisville FC,2026-10-17T00:00:00+00:00,2026-10-17T02:00:00+00:00,"Boston Stadium, Foxborough, Massachusetts","NWSL | Matchday 25

Buy Tickets
https://ecal.ai/f/2b7HGk/3GxNW

US Fans stream live on Prime Video
https://ecal.ai/f/2b7XjX/3GxNW

Int'l Fans stream live on NWSL+
https://ecal.ai/f/2b7HGl/3GxNW

Match Center
https://ecal.ai/f/2b7HGm/3GxNW

Standings
https://ecal.ai/f/2b7HGn/3GxNW

News
https://ecal.ai/f/2b7HGp/3GxNW

Instagram
https://ecal.ai/f/2b7HGq/3GxNW

Manage my ECAL
https://ecal.ai/f/2b7HGt/3GxNW",,CONFIRMED,webcal://ics.ecal.com/ecal-sub/6a5a6a0a512bae000263f0a7/NWSL.ics,2026-07-17T18:47:06.516724+00:00
d84cc4548b12bc878c8b4d42,NWSL,696a78c354aa8839111c38e8,Soccer,National Women’s Soccer League,⚽️ Washington Spirit vs Gotham FC,2026-10-17T16:30:00+00:00,2026-10-17T18:30:00+00:00,"Audi Field, Washington, District of Columbia","NWSL | Matchday 25

Buy Tickets
https://ecal.ai/f/2b7HGS/3GxNW

US Fans stream live on CBS
https://ecal.ai/f/2b7HGT/3GxNW

US Fans stream live on Paramount+
https://ecal.ai/f/2b7HGV/3GxNW

Int'l Fans stream live on NWSL+
https://ecal.ai/f/2b7HGW/3GxNW

Match Center
https://ecal.ai/f/2b7HGX/3GxNW

Standings
https://ecal.ai/f/2b7HGY/3GxNW

Stats
https://ecal.ai/f/2b7HGZ/3GxNW

Instagram
https://ecal.ai/f/2b7HH1/3GxNW

Manage my ECAL
https://ecal.ai/f/2b7HH4/3GxNW",,CONFIRMED,webcal://ics.ecal.com/ecal-sub/6a5a6a0a512bae000263f0a7/NWSL.ics,2026-07-17T18:47:06.516724+00:00
216fea27b0f5d87b98b8a7d6,nsl,69a07669df12210002380177,Soccer,Northern Super League,Halifax Tides FC vs. Montreal Roses FC,2026-10-17T18:00:00+00:00,2026-10-17T20:00:00+00:00,Wanderers Grounds,"Tickets
https://ecal.ai/f/2ct7Fy/3G6TR

Watch Live on CBC Sports
https://ecal.ai/f/2ct7Fz/3G6TR

Check out our YouTube channel
https://ecal.ai/f/2ct7FC/3G6TR

Shop
https://ecal.ai/f/2ct7FB/3G6TR

YouTube
https://ecal.ai/f/2ct7FC/3G6TR

Instagram
https://ecal.ai/f/2ct7FD/3G6TR

Linktree
https://ecal.ai/f/2ct7FF/3G6TR

Manage my ECAL
https://ecal.ai/f/2ct7FJ/3G6TR",,CONFIRMED,https://ics.ecal.com/ecal-sub/6a57ce26dd9a8c00026e1b13/Northern%20Super%20League.ics,2026-07-17T18:47:06.277325+00:00
338729f6ed353a240b321910,NWSL,696a78c354aa8839111c38e9,Soccer,National Women’s Soccer League,⚽️ Utah Royals FC vs Kansas City Current,2026-10-17T22:30:00+00:00,2026-10-18T00:30:00+00:00,"America First Field, Sandy, Utah","NWSL | Matchday 25

Buy Tickets
https://ecal.ai/f/2b7HH5/3GxNW

US Fans stream live on ION
https://ecal.ai/f/2b7XjY/3GxNW

Int'l Fans stream live on NWSL+
https://ecal.ai/f/2b7HH6/3GxNW

Match Center
https://ecal.ai/f/2b7HH7/3GxNW

Standings
https://ecal.ai/f/2b7HH8/3GxNW

Shop
https://ecal.ai/f/2b7HH9/3GxNW

Instagram
https://ecal.ai/f/2b7HHb/3GxNW

Manage my ECAL
https://ecal.ai/f/2b7HHf/3GxNW",,CONFIRMED,webcal://ics.ecal.com/ecal-sub/6a5a6a0a512bae000263f0a7/NWSL.ics,2026-07-17T18:47:06.516724+00:00
20eeb2059b62cc1768c299c2,NWSL,696a78c354aa8839111c38ea,Soccer,National Women’s Soccer League,⚽️ North Carolina Courage vs San Diego Wave FC,2026-10-17T23:00:00+00:00,2026-10-18T01:00:00+00:00,"First Horizon Stadium at WakeMed Soccer Park, Cary, North Carolina","NWSL | Matchday 25

Buy Tickets
https://ecal.ai/f/2b7HHg/3GxNW

Stream live on NWSL+
https://ecal.ai/f/2b7HHh/3GxNW

Match Center
https://ecal.ai/f/2b7HHj/3GxNW

Standings
https://ecal.ai/f/2b7HHk/3GxNW

News
https://ecal.ai/f/2b7HHl/3GxNW

Instagram
https://ecal.ai/f/2b7HHm/3GxNW

Manage my ECAL
https://ecal.ai/f/2b7HHq/3GxNW",,CONFIRMED,webcal://ics.ecal.com/ecal-sub/6a5a6a0a512bae000263f0a7/NWSL.ics,2026-07-17T18:47:06.516724+00:00
43092d530f7b38c91e7dee75,NWSL,696a78c354aa8839111c38eb,Soccer,National Women’s Soccer League,⚽️ Denver Summit FC vs Angel City FC,2026-10-18T00:45:00+00:00,2026-10-18T02:45:00+00:00,"Centennial Stadium, Centennial, Colorado","NWSL | Matchday 25

Buy Tickets
https://ecal.ai/f/2b7HHr/3GxNW

US Fans stream live on ION
https://ecal.ai/f/2b7HHs/3GxNW

Int'l Fans stream live on NWSL+
https://ecal.ai/f/2b7HHt/3GxNW

Match Center
https://ecal.ai/f/2b7HHv/3GxNW

Standings
https://ecal.ai/f/2b7HHw/3GxNW

Stats
https://ecal.ai/f/2b7HHx/3GxNW

Instagram
https://ecal.ai/f/2b7HHy/3GxNW

Manage my ECAL
https://ecal.ai/f/2b7HHC/3GxNW",,CONFIRMED,webcal://ics.ecal.com/ecal-sub/6a5a6a0a512bae000263f0a7/NWSL.ics,2026-07-17T18:47:06.516724+00:00
64fc2e96a31169a898cdf5ac,NWSL,696a78c354aa8839111c38ec,Soccer,National Women’s Soccer League,⚽️ Houston Dash vs Orlando Pride,2026-10-18T17:00:00+00:00,2026-10-18T19:00:00+00:00,"Shell Energy Stadium, Houston, Texas","NWSL | Matchday 25

Buy Tickets
https://ecal.ai/f/2b7HHD/3GxNW

US Fans stream live on CBS Sports
https://ecal.ai/f/2b7HHF/3GxNW

Int'l Fans stream live on NWSL+
https://ecal.ai/f/2b7HHG/3GxNW

Match Center
https://ecal.ai/f/2b7HHH/3GxNW

Standings
https://ecal.ai/f/2b7HHJ/3GxNW

Shop
https://ecal.ai/f/2b7HHK/3GxNW

Instagram
https://ecal.ai/f/2b7HHL/3GxNW

Manage my ECAL
https://ecal.ai/f/2b7HHP/3GxNW",,CONFIRMED,webcal://ics.ecal.com/ecal-sub/6a5a6a0a512bae000263f0a7/NWSL.ics,2026-07-17T18:47:06.516724+00:00
872190ec2bb373c5a3e07b0e,nsl,69a07669df12210002380178,Soccer,Northern Super League,AFC Toronto vs. Calgary Wild FC,2026-10-18T17:00:00+00:00,2026-10-18T19:00:00+00:00,BMO Field,"Tickets
https://ecal.ai/f/2ct7Fc/3G6TR

Watch Live on TSN
https://ecal.ai/f/2ct7Fd/3G6TR

Check out our YouTube channel
https://ecal.ai/f/2ct7Fg/3G6TR

Shop
https://ecal.ai/f/2ct7Ff/3G6TR

YouTube
https://ecal.ai/f/2ct7Fg/3G6TR

Instagram
https://ecal.ai/f/2ct7Fh/3G6TR

Linktree
https://ecal.ai/f/2ct7Fj/3G6TR

Manage my ECAL
https://ecal.ai/f/2ct7Fm/3G6TR",,CONFIRMED,https://ics.ecal.com/ecal-sub/6a57ce26dd9a8c00026e1b13/Northern%20Super%20League.ics,2026-07-17T18:47:06.277325+00:00
729acf4a8c0019f5e177de3e,nsl,69a07669df12210002380179,Soccer,Northern Super League,Ottawa Rapid FC vs. Vancouver Rise FC,2026-10-18T20:00:00+00:00,2026-10-18T22:00:00+00:00,TD Place,"Tickets
https://ecal.ai/f/2ct7Fn/3G6TR

Watch Live on TSN
https://ecal.ai/f/2ct7Fp/3G6TR

Check out our YouTube channel
https://ecal.ai/f/2ct7Fr/3G6TR

Shop
https://ecal.ai/f/2ct7Fq/3G6TR

YouTube
https://ecal.ai/f/2ct7Fr/3G6TR

Instagram
https://ecal.ai/f/2ct7Fs/3G6TR

Linktree
https://ecal.ai/f/2ct7Ft/3G6TR

Manage my ECAL
https://ecal.ai/f/2ct7Fx/3G6TR",,CONFIRMED,https://ics.ecal.com/ecal-sub/6a57ce26dd9a8c00026e1b13/Northern%20Super%20League.ics,2026-07-17T18:47:06.277325+00:00
08530b52ccb126a42b1549ec,NWSL,696a78c354aa8802985158db,Soccer,National Women’s Soccer League,⚽️ Bay FC vs Portland Thorns FC,2026-10-18T21:00:00+00:00,2026-10-18T23:00:00+00:00,"PayPal Park, San Jose, California","NWSL | Matchday 25

Buy Tickets
https://ecal.ai/f/2b7HJ1/3GxNW

US Fans stream live on ESPN
https://ecal.ai/f/2b7Xjx/3GxNW

US Fans stream live on ESPN Deportes
https://ecal.ai/f/2b7Xjx/3GxNW

Int'l Fans stream live on NWSL+
https://ecal.ai/f/2b7HJ2/3GxNW

Match Center
https://ecal.ai/f/2b7HJ3/3GxNW

Standings
https://ecal.ai/f/2b7HJ4/3GxNW

News
https://ecal.ai/f/2b7HJ5/3GxNW

Instagram
https://ecal.ai/f/2b7HJ6/3GxNW

Manage my ECAL
https://ecal.ai/f/2b7HJ9/3GxNW",,CONFIRMED,webcal://ics.ecal.com/ecal-sub/6a5a6a0a512bae000263f0a7/NWSL.ics,2026-07-17T18:47:06.516724+00:00
dbb57172ebc696a658f9a232,NWSL,696a78c354aa8839111c38ed,Soccer,National Women’s Soccer League,⚽️ Chicago Stars FC vs Seattle Reign FC,2026-10-18T23:00:00+00:00,2026-10-19T01:00:00+00:00,"Northwestern Medicine Field at Martin Stadium, Evanston, Illinois","NWSL | Matchday 25

Buy Tickets
https://ecal.ai/f/2b7HHQ/3GxNW

US Fans stream live on Victory+
https://ecal.ai/f/2b7XjZ/3GxNW

Int'l Fans stream live on NWSL+
https://ecal.ai/f/2b7HHR/3GxNW

Match Center
https://ecal.ai/f/2b7HHS/3GxNW

Standings
https://ecal.ai/f/2b7HHT/3GxNW

Stats
https://ecal.ai/f/2b7HHV/3GxNW

Instagram
https://ecal.ai/f/2b7HHW/3GxNW

Manage my ECAL
https://ecal.ai/f/2b7HHZ/3GxNW",,CONFIRMED,webcal://ics.ecal.com/ecal-sub/6a5a6a0a512bae000263f0a7/NWSL.ics,2026-07-17T18:47:06.516724+00:00
79a89d960f22e569d3cfbffe,nsl,69a07669df1221000238017a,Soccer,Northern Super League,Montreal Roses FC vs. Ottawa Rapid FC,2026-10-23T23:00:00+00:00,2026-10-24T01:00:00+00:00,Stade Boréale,"Tickets
https://ecal.ai/f/2ct7F3/3G6TR

Watch Live on CBC Sports
https://ecal.ai/f/2dc94Z/3G6TR

Check out our YouTube channel
https://ecal.ai/f/2ct7F5/3G6TR

Shop
https://ecal.ai/f/2ct7F4/3G6TR

YouTube
https://ecal.ai/f/2ct7F5/3G6TR

Instagram
https://ecal.ai/f/2ct7F6/3G6TR

Linktree
https://ecal.ai/f/2ct7F7/3G6TR

Manage my ECAL
https://ecal.ai/f/2ct7Fb/3G6TR",,CONFIRMED,https://ics.ecal.com/ecal-sub/6a57ce26dd9a8c00026e1b13/Northern%20Super%20League.ics,2026-07-17T18:47:06.277325+00:00
772b2345764501d3241a200e,NWSL,696a78c354aa8839111c38ee,Soccer,National Women’s Soccer League,⚽️ Chicago Stars FC vs Houston Dash,2026-10-24T00:00:00+00:00,2026-10-24T02:00:00+00:00,"Northwestern Medicine Field at Martin Stadium, Evanston, Illinois","NWSL | Matchday 26

Buy Tickets
https://ecal.ai/f/2b7HJb/3GxNW

US Fans stream live on Victory+
https://ecal.ai/f/2b7Xk1/3GxNW

Int'l Fans stream live on NWSL+
https://ecal.ai/f/2b7HJc/3GxNW

Match Center
https://ecal.ai/f/2b7HJd/3GxNW

Standings
https://ecal.ai/f/2b7HJf/3GxNW

Shop
https://ecal.ai/f/2b7HJg/3GxNW

Instagram
https://ecal.ai/f/2b7HJh/3GxNW

Manage my ECAL
https://ecal.ai/f/2b7HJl/3GxNW",,CONFIRMED,webcal://ics.ecal.com/ecal-sub/6a5a6a0a512bae000263f0a7/NWSL.ics,2026-07-17T18:47:06.516724+00:00
ff3ebd8e1d6b135ff6243fac,NWSL,696a78c354aa8802985158dc,Soccer,National Women’s Soccer League,⚽️ Utah Royals FC vs Seattle Reign FC,2026-10-24T01:30:00+00:00,2026-10-24T03:30:00+00:00,"America First Field, Sandy, Utah","NWSL | Matchday 26

Buy Tickets
https://ecal.ai/f/2b7HJm/3GxNW

Stream live on NWSL+
https://ecal.ai/f/2b7HJn/3GxNW

Match Center
https://ecal.ai/f/2b7HJp/3GxNW

Standings
https://ecal.ai/f/2b7HJq/3GxNW

News
https://ecal.ai/f/2b7HJr/3GxNW

Instagram
https://ecal.ai/f/2b7HJs/3GxNW

Manage my ECAL
https://ecal.ai/f/2b7HJw/3GxNW",,CONFIRMED,webcal://ics.ecal.com/ecal-sub/6a5a6a0a512bae000263f0a7/NWSL.ics,2026-07-17T18:47:06.516724+00:00
696253923d19bb6f7957b046,NWSL,696a78c354aa8802985158dd,Soccer,National Women’s Soccer League,⚽️ Portland Thorns FC vs North Carolina Courage,2026-10-24T02:00:00+00:00,2026-10-24T04:00:00+00:00,"Providence Park, Portland, Oregon","NWSL | Matchday 26

Buy Tickets
https://ecal.ai/f/2b7HJx/3GxNW

US Fans stream live on Prime Video
https://ecal.ai/f/2b7Xk2/3GxNW

Int'l Fans stream live on NWSL+
https://ecal.ai/f/2b7HJz/3GxNW

Match Center
https://ecal.ai/f/2b7HJC/3GxNW

Standings
https://ecal.ai/f/2b7HJF/3GxNW

Stats
https://ecal.ai/f/2b7HJG/3GxNW

Instagram
https://ecal.ai/f/2b7HJH/3GxNW

Manage my ECAL
https://ecal.ai/f/2b7HJL/3GxNW",,CONFIRMED,webcal://ics.ecal.com/ecal-sub/6a5a6a0a512bae000263f0a7/NWSL.ics,2026-07-17T18:47:06.516724+00:00
7636274f70bec88ff702270a,NWSL,696a78c354aa8839111c38ef,Soccer,National Women’s Soccer League,⚽️ Denver Summit FC vs Racing Louisville FC,2026-10-24T22:30:00+00:00,2026-10-25T00:30:00+00:00,"Centennial Stadium, Centennial, Colorado","NWSL | Matchday 26

Buy Tickets
https://ecal.ai/f/2b7HJM/3GxNW

US Fans stream live on ION
https://ecal.ai/f/2b7Xjy/3GxNW

Int'l Fans stream live on NWSL+
https://ecal.ai/f/2b7HJN/3GxNW

Match Center
https://ecal.ai/f/2b7HJP/3GxNW

Standings
https://ecal.ai/f/2b7HJQ/3GxNW

Shop
https://ecal.ai/f/2b7HJR/3GxNW

Instagram
https://ecal.ai/f/2b7HJS/3GxNW

Manage my ECAL
https://ecal.ai/f/2b7HJW/3GxNW",,CONFIRMED,webcal://ics.ecal.com/ecal-sub/6a5a6a0a512bae000263f0a7/NWSL.ics,2026-07-17T18:47:06.516724+00:00
43661f4a20b47a530ca7abdd,NWSL,696a78c354aa8802985158de,Soccer,National Women’s Soccer League,⚽️ Angel City FC vs Bay FC,2026-10-25T00:45:00+00:00,2026-10-25T02:45:00+00:00,"BMO Stadium, Los Angeles, California","NWSL | Matchday 26

Buy Tickets
https://ecal.ai/f/2b7HJX/3GxNW

US Fans stream live on ION
https://ecal.ai/f/2b7Xk3/3GxNW

Int'l Fans stream live on NWSL+
https://ecal.ai/f/2b7HJY/3GxNW

Match Center
https://ecal.ai/f/2b7HJZ/3GxNW

Standings
https://ecal.ai/f/2b7HK1/3GxNW

News
https://ecal.ai/f/2b7HK2/3GxNW

Instagram
https://ecal.ai/f/2b7HK3/3GxNW

Manage my ECAL
https://ecal.ai/f/2b7HK6/3GxNW",,CONFIRMED,webcal://ics.ecal.com/ecal-sub/6a5a6a0a512bae000263f0a7/NWSL.ics,2026-07-17T18:47:06.516724+00:00
49886fc05e86eadfce0b278c,NWSL,696a78c354aa8802985158df,Soccer,National Women’s Soccer League,⚽️ Orlando Pride vs Gotham FC,2026-10-25T19:00:00+00:00,2026-10-25T21:00:00+00:00,"Inter&Co Stadium, Orlando, Florida","NWSL | Matchday 26

Buy Tickets
https://ecal.ai/f/2b7HKk/3GxNW

US Fans stream live on CBS Sports
https://ecal.ai/f/2b7Xjz/3GxNW

Int'l Fans stream live on NWSL+
https://ecal.ai/f/2b7HKl/3GxNW

Match Center
https://ecal.ai/f/2b7HKm/3GxNW

Standings
https://ecal.ai/f/2b7HKn/3GxNW

Stats
https://ecal.ai/f/2b7HKp/3GxNW

Instagram
https://ecal.ai/f/2b7HKq/3GxNW

Manage my ECAL
https://ecal.ai/f/2b7HKt/3GxNW",,CONFIRMED,webcal://ics.ecal.com/ecal-sub/6a5a6a0a512bae000263f0a7/NWSL.ics,2026-07-17T18:47:06.516724+00:00
189c3444a38c5437849e503e,nsl,69a07669df1221000238017b,Soccer,Northern Super League,Vancouver Rise FC vs. Calgary Wild FC,2026-10-25T20:00:00+00:00,2026-10-25T22:00:00+00:00,Swangard Stadium,"Tickets
https://ecal.ai/f/2ct7DS/3G6TR

Watch Live on TSN
https://ecal.ai/f/2ct7DT/3G6TR

Check out our YouTube channel
https://ecal.ai/f/2ct7DW/3G6TR

Shop
https://ecal.ai/f/2ct7DV/3G6TR

YouTube
https://ecal.ai/f/2ct7DW/3G6TR

Instagram
https://ecal.ai/f/2ct7DX/3G6TR

Linktree
https://ecal.ai/f/2ct7DY/3G6TR

Manage my ECAL
https://ecal.ai/f/2ct7F2/3G6TR",,CONFIRMED,https://ics.ecal.com/ecal-sub/6a57ce26dd9a8c00026e1b13/Northern%20Super%20League.ics,2026-07-17T18:47:06.277325+00:00
5d9585c5e6822792bbbff8d7,NWSL,696a78c354aa8839111c38f0,Soccer,National Women’s Soccer League,⚽️ Kansas City Current vs Washington Spirit,2026-10-25T21:00:00+00:00,2026-10-25T23:00:00+00:00,"CPKC Stadium, Kansas City, Missouri","NWSL | Matchday 26

Buy Tickets
https://ecal.ai/f/2b7HK7/3GxNW

US Fans stream live on ESPN
https://ecal.ai/f/2b7HK8/3GxNW

US Fans stream live on ESPN Deportes
https://ecal.ai/f/2b7HK8/3GxNW

Int'l Fans stream live on NWSL+
https://ecal.ai/f/2b7HK9/3GxNW

Match Center
https://ecal.ai/f/2b7HKb/3GxNW

Standings
https://ecal.ai/f/2b7HKc/3GxNW

Shop
https://ecal.ai/f/2b7HKd/3GxNW

Instagram
https://ecal.ai/f/2b7HKf/3GxNW

Manage my ECAL
https://ecal.ai/f/2b7HKj/3GxNW",,CONFIRMED,webcal://ics.ecal.com/ecal-sub/6a5a6a0a512bae000263f0a7/NWSL.ics,2026-07-17T18:47:06.516724+00:00
e1c27b0ed82529ee7c5fe61d,NWSL,696a78c354aa8839111c38f1,Soccer,National Women’s Soccer League,⚽️ San Diego Wave FC vs Boston Legacy FC,2026-10-25T23:00:00+00:00,2026-10-26T01:00:00+00:00,"Snapdragon Stadium, San Diego, California","NWSL | Matchday 26

Buy Tickets
https://ecal.ai/f/2b7HKv/3GxNW

US Fans stream live on Victory+
https://ecal.ai/f/2b7HKw/3GxNW

Int'l Fans stream live on NWSL+
https://ecal.ai/f/2b7HKx/3GxNW

Match Center
https://ecal.ai/f/2b7HKy/3GxNW

Standings
https://ecal.ai/f/2b7HKz/3GxNW

News
https://ecal.ai/f/2b7HKB/3GxNW

Instagram
https://ecal.ai/f/2b7HKC/3GxNW

Manage my ECAL
https://ecal.ai/f/2b7HKG/3GxNW",,CONFIRMED,webcal://ics.ecal.com/ecal-sub/6a5a6a0a512bae000263f0a7/NWSL.ics,2026-07-17T18:47:06.516724+00:00
79784df26dd60549373495a3,nsl,69a07669df1221000238017c,Soccer,Northern Super League,AFC Toronto vs. Halifax Tides FC,2026-10-26T23:00:00+00:00,2026-10-27T01:00:00+00:00,York Lions Stadium,"Tickets
https://ecal.ai/f/2ct7DJ/3G6TR

Watch Live on TSN
https://ecal.ai/f/2dc8Lb/3G6TR

Check out our YouTube channel
https://ecal.ai/f/2ct7DL/3G6TR

Shop
https://ecal.ai/f/2ct7DK/3G6TR

YouTube
https://ecal.ai/f/2ct7DL/3G6TR

Instagram
https://ecal.ai/f/2ct7DM/3G6TR

Linktree
https://ecal.ai/f/2ct7DN/3G6TR

Manage my ECAL
https://ecal.ai/f/2ct7DR/3G6TR",,CONFIRMED,https://ics.ecal.com/ecal-sub/6a57ce26dd9a8c00026e1b13/Northern%20Super%20League.ics,2026-07-17T18:47:06.277325+00:00
5bc2075379856f2528755a34,nsl,69a07669df1221000238017d,Soccer,Northern Super League,2026 Semi-Final A - Leg 1,2026-10-31T19:00:00+00:00,2026-10-31T21:00:00+00:00,TBD,"Tickets
https://ecal.ai/f/2ct7Dy/3G6TR

Watch Live on CBC Sports
https://ecal.ai/f/2d9hL1/3G6TR

Check out our YouTube channel
https://ecal.ai/f/2ct7DB/3G6TR

Shop
https://ecal.ai/f/2ct7Dz/3G6TR

YouTube
https://ecal.ai/f/2ct7DB/3G6TR

Instagram
https://ecal.ai/f/2ct7DC/3G6TR

Linktree
https://ecal.ai/f/2ct7DD/3G6TR

Manage my ECAL
https://ecal.ai/f/2ct7DH/3G6TR",,CONFIRMED,https://ics.ecal.com/ecal-sub/6a57ce26dd9a8c00026e1b13/Northern%20Super%20League.ics,2026-07-17T18:47:06.277325+00:00
1ebaaef1e311872902a5397a,nsl,69a07669df1221000238017e,Soccer,Northern Super League,2026 Semi-Final B - Leg 1,2026-11-01T20:00:00+00:00,2026-11-01T22:00:00+00:00,TBD,"Tickets
https://ecal.ai/f/2ct7Dl/3G6TR

Watch Live on TSN
https://ecal.ai/f/2d9hKS/3G6TR

Check out our YouTube channel
https://ecal.ai/f/2ct7Dn/3G6TR

Shop
https://ecal.ai/f/2ct7Dm/3G6TR

YouTube
https://ecal.ai/f/2ct7Dn/3G6TR

Instagram
https://ecal.ai/f/2ct7Dq/3G6TR

Linktree
https://ecal.ai/f/2ct7Ds/3G6TR

Manage my ECAL
https://ecal.ai/f/2ct7Dx/3G6TR",,CONFIRMED,https://ics.ecal.com/ecal-sub/6a57ce26dd9a8c00026e1b13/Northern%20Super%20League.ics,2026-07-17T18:47:06.277325+00:00
430f19b388bc0a374842e889,NWSL,696a78c354aa8839111c38f4,Soccer,National Women’s Soccer League,⚽️ Angel City FC vs Boston Legacy FC,2026-11-01T22:00:00+00:00,2026-11-02T00:00:00+00:00,"TBC,","NWSL | Matchday 27

Buy Tickets
https://ecal.ai/f/2b7HLg/3GxNW

US Fans stream live on ESPN TBD
https://ecal.ai/f/2b7Xk4/3GxNW

Int'l Fans stream live on NWSL+
https://ecal.ai/f/2b7HLh/3GxNW

Match Center
https://ecal.ai/f/2b7HLj/3GxNW

Standings
https://ecal.ai/f/2b7HLk/3GxNW

Shop
https://ecal.ai/f/2bbMW8/3GxNW

Instagram
https://ecal.ai/f/2b7HLm/3GxNW

Manage my ECAL
https://ecal.ai/f/2b7HLq/3GxNW",,CONFIRMED,webcal://ics.ecal.com/ecal-sub/6a5a6a0a512bae000263f0a7/NWSL.ics,2026-07-17T18:47:06.516724+00:00
74a08311acea178fdb2a6629,NWSL,696a78c354aa8839111c38f2,Soccer,National Women’s Soccer League,⚽️ Bay FC vs San Diego Wave FC,2026-11-01T22:00:00+00:00,2026-11-02T00:00:00+00:00,"PayPal Park, San Jose, California","NWSL | Matchday 27

Buy Tickets
https://ecal.ai/f/2b7HKH/3GxNW

US Fans stream live on ESPN TBD
https://ecal.ai/f/2b7HKJ/3GxNW

Int'l Fans stream live on NWSL+
https://ecal.ai/f/2b7HKK/3GxNW

Match Center
https://ecal.ai/f/2b7HKL/3GxNW

Standings
https://ecal.ai/f/2b7HKM/3GxNW

Shop
https://ecal.ai/f/2bbMWj/3GxNW

Instagram
https://ecal.ai/f/2b7HKP/3GxNW

Manage my ECAL
https://ecal.ai/f/2b7HKS/3GxNW",,CONFIRMED,webcal://ics.ecal.com/ecal-sub/6a5a6a0a512bae000263f0a7/NWSL.ics,2026-07-17T18:47:06.516724+00:00
d06cdd6117ce2f94fe141164,NWSL,696a78c354aa8839111c38f3,Soccer,National Women’s Soccer League,⚽️ Gotham FC vs Utah Royals FC,2026-11-01T22:00:00+00:00,2026-11-02T00:00:00+00:00,"Sports Illustrated Stadium, Harrison, New Jersey","NWSL | Matchday 27

Buy Tickets
https://ecal.ai/f/2b7HKT/3GxNW

US Fans stream live on ESPN TBD
https://ecal.ai/f/2b7HKV/3GxNW

Int'l Fans stream live on NWSL+
https://ecal.ai/f/2b7HKW/3GxNW

Match Center
https://ecal.ai/f/2b7HKX/3GxNW

Standings
https://ecal.ai/f/2b7HKY/3GxNW

Stats
https://ecal.ai/f/2bbMWf/3GxNW

Instagram
https://ecal.ai/f/2b7HL1/3GxNW

Manage my ECAL
https://ecal.ai/f/2b7HL4/3GxNW",,CONFIRMED,webcal://ics.ecal.com/ecal-sub/6a5a6a0a512bae000263f0a7/NWSL.ics,2026-07-17T18:47:06.516724+00:00
82217288415b324ea1c5961d,NWSL,696a78c354aa8802985158e0,Soccer,National Women’s Soccer League,⚽️ Houston Dash vs Portland Thorns FC,2026-11-01T22:00:00+00:00,2026-11-02T00:00:00+00:00,"Shell Energy Stadium, Houston, Texas","NWSL | Matchday 27

Buy Tickets
https://ecal.ai/f/2b7HL5/3GxNW

US Fans stream live on ESPN TBD
https://ecal.ai/f/2b7Xk5/3GxNW

Int'l Fans stream live on NWSL+
https://ecal.ai/f/2b7HL6/3GxNW

Match Center
https://ecal.ai/f/2b7HL7/3GxNW

Standings
https://ecal.ai/f/2b7HL8/3GxNW

News
https://ecal.ai/f/2b7HL9/3GxNW

Instagram
https://ecal.ai/f/2b7HLb/3GxNW

Manage my ECAL
https://ecal.ai/f/2b7HLf/3GxNW",,CONFIRMED,webcal://ics.ecal.com/ecal-sub/6a5a6a0a512bae000263f0a7/NWSL.ics,2026-07-17T18:47:06.516724+00:00
946a6f9911bcf8ebf98c86de,NWSL,696a78c354aa886d821c65b8,Soccer,National Women’s Soccer League,⚽️ North Carolina Courage vs Denver Summit FC,2026-11-01T22:00:00+00:00,2026-11-02T00:00:00+00:00,"First Horizon Stadium at WakeMed Soccer Park, Cary, North Carolina","NWSL | Matchday 27

Buy Tickets
https://ecal.ai/f/2b7HxL/3GxNW

US Fans stream live on ESPN TBD
https://ecal.ai/f/2b7Xk6/3GxNW

Int'l Fans stream live on NWSL+
https://ecal.ai/f/2b7HxM/3GxNW

Match Center
https://ecal.ai/f/2b7HxN/3GxNW

Standings
https://ecal.ai/f/2b7HxP/3GxNW

News
https://ecal.ai/f/2b7HxQ/3GxNW

Instagram
https://ecal.ai/f/2b7HxR/3GxNW

Manage my ECAL
https://ecal.ai/f/2b7HxV/3GxNW",,CONFIRMED,webcal://ics.ecal.com/ecal-sub/6a5a6a0a512bae000263f0a7/NWSL.ics,2026-07-17T18:47:06.516724+00:00
97e45031236d15461d100522,NWSL,696a78c354aa8802985158e1,Soccer,National Women’s Soccer League,⚽️ Racing Louisville FC vs Kansas City Current,2026-11-01T22:00:00+00:00,2026-11-02T00:00:00+00:00,"Lynn Family Stadium, Louisville, Kentucky","NWSL | Matchday 27

Buy Tickets
https://ecal.ai/f/2b7HLr/3GxNW

US Fans stream live on ESPN TBD
https://ecal.ai/f/2b7HLs/3GxNW

Int'l Fans stream live on NWSL+
https://ecal.ai/f/2b7HLt/3GxNW

Match Center
https://ecal.ai/f/2b7HLv/3GxNW

Standings
https://ecal.ai/f/2b7HLw/3GxNW

Stats
https://ecal.ai/f/2bbMW7/3GxNW

Instagram
https://ecal.ai/f/2b7HLy/3GxNW

Manage my ECAL
https://ecal.ai/f/2b7HLC/3GxNW",,CONFIRMED,webcal://ics.ecal.com/ecal-sub/6a5a6a0a512bae000263f0a7/NWSL.ics,2026-07-17T18:47:06.516724+00:00
b1560cc6c53ea571e0abacf4,NWSL,696a78c354aa8802985158e2,Soccer,National Women’s Soccer League,⚽️ Seattle Reign FC vs Orlando Pride,2026-11-01T22:00:00+00:00,2026-11-02T00:00:00+00:00,"Seattle Stadium, Seattle, Washington","NWSL | Matchday 27

Buy Tickets
https://ecal.ai/f/2b7HLD/3GxNW

US Fans stream live on ESPN TBD
https://ecal.ai/f/2b7XjB/3GxNW

Int'l Fans stream live on NWSL+
https://ecal.ai/f/2b7HLF/3GxNW

Match Center
https://ecal.ai/f/2b7HLG/3GxNW

Standings
https://ecal.ai/f/2b7HLH/3GxNW

Shop
https://ecal.ai/f/2bbMW3/3GxNW

Instagram
https://ecal.ai/f/2b7HLK/3GxNW

Manage my ECAL
https://ecal.ai/f/2b7HLN/3GxNW",,CONFIRMED,webcal://ics.ecal.com/ecal-sub/6a5a6a0a512bae000263f0a7/NWSL.ics,2026-07-17T18:47:06.516724+00:00
7b44f4603366a006f02ba10d,NWSL,696a78c354aa8802985158e3,Soccer,National Women’s Soccer League,⚽️ Washington Spirit vs Chicago Stars FC,2026-11-01T22:00:00+00:00,2026-11-02T00:00:00+00:00,"Audi Field, Washington, District of Columbia","NWSL | Matchday 27

Buy Tickets
https://ecal.ai/f/2b7HLP/3GxNW

US Fans stream live on ESPN TBD
https://ecal.ai/f/2b7HLQ/3GxNW

Int'l Fans stream live on NWSL+
https://ecal.ai/f/2b7HLR/3GxNW

Match Center
https://ecal.ai/f/2b7HLS/3GxNW

Standings
https://ecal.ai/f/2b7HLT/3GxNW

Stats
https://ecal.ai/f/2bbMW2/3GxNW

Instagram
https://ecal.ai/f/2b7HLW/3GxNW

Manage my ECAL
https://ecal.ai/f/2b7HLZ/3GxNW",,CONFIRMED,webcal://ics.ecal.com/ecal-sub/6a5a6a0a512bae000263f0a7/NWSL.ics,2026-07-17T18:47:06.516724+00:00
91d14d1178456e33ef38ae3a,nsl,69a07669df1221000238017f,Soccer,Northern Super League,2026 Semi-Final A - Leg 2,2026-11-07T20:00:00+00:00,2026-11-07T22:00:00+00:00,TBD,"Tickets
https://ecal.ai/f/2ct7Db/3G6TR

Watch Live on CBC Sports
https://ecal.ai/f/2d9hHY/3G6TR

Check out our YouTube channel
https://ecal.ai/f/2ct7Dd/3G6TR

Shop
https://ecal.ai/f/2ct7Dc/3G6TR

YouTube
https://ecal.ai/f/2ct7Dd/3G6TR

Instagram
https://ecal.ai/f/2ct7Df/3G6TR

Linktree
https://ecal.ai/f/2ct7Dg/3G6TR

Manage my ECAL
https://ecal.ai/f/2ct7Dk/3G6TR",,CONFIRMED,https://ics.ecal.com/ecal-sub/6a57ce26dd9a8c00026e1b13/Northern%20Super%20League.ics,2026-07-17T18:47:06.277325+00:00
96ba9a726ad4a56e3c899afe,nsl,69a07669df12210002380180,Soccer,Northern Super League,2026 Semi-Final B - Leg 2,2026-11-08T20:00:00+00:00,2026-11-08T22:00:00+00:00,TBD,"Tickets
https://ecal.ai/f/2ct7D2/3G6TR

Watch Live on TSN
https://ecal.ai/f/2d9hHB/3G6TR

Check out our YouTube channel
https://ecal.ai/f/2ct7D4/3G6TR

Shop
https://ecal.ai/f/2ct7D3/3G6TR

YouTube
https://ecal.ai/f/2ct7D4/3G6TR

Instagram
https://ecal.ai/f/2ct7D5/3G6TR

Linktree
https://ecal.ai/f/2ct7D6/3G6TR

Manage my ECAL
https://ecal.ai/f/2ct7D9/3G6TR",,CONFIRMED,https://ics.ecal.com/ecal-sub/6a57ce26dd9a8c00026e1b13/Northern%20Super%20League.ics,2026-07-17T18:47:06.277325+00:00
0aa5f9fcb4f56a851fb06d27,nsl,69a07669df12210002380181,Soccer,Northern Super League,2026 NSL Championship,2026-11-14T20:00:00+00:00,2026-11-14T22:00:00+00:00,TBD,"Tickets
https://ecal.ai/f/2ct7CS/3G6TR

Watch Live on TSN
https://ecal.ai/f/2dc96D/3G6TR

Check out our YouTube channel
https://ecal.ai/f/2ct7CV/3G6TR

Shop
https://ecal.ai/f/2ct7CT/3G6TR

Watch Live on ESPN+
https://ecal.ai/f/2dc974/3G6TR

YouTube
https://ecal.ai/f/2ct7CV/3G6TR

Instagram
https://ecal.ai/f/2ct7CW/3G6TR

Linktree
https://ecal.ai/f/2ct7CX/3G6TR

Manage my ECAL
https://ecal.ai/f/2ct7D1/3G6TR",,CONFIRMED,https://ics.ecal.com/ecal-sub/6a57ce26dd9a8c00026e1b13/Northern%20Super%20League.ics,2026-07-17T18:47:06.277325+00:00
